-- MariaDB dump 10.19  Distrib 10.4.28-MariaDB, for Win64 (AMD64)
--
-- Host: localhost    Database: ticket
-- ------------------------------------------------------
-- Server version	10.4.28-MariaDB

/*!40101 SET @OLD_CHARACTER_SET_CLIENT=@@CHARACTER_SET_CLIENT */;
/*!40101 SET @OLD_CHARACTER_SET_RESULTS=@@CHARACTER_SET_RESULTS */;
/*!40101 SET @OLD_COLLATION_CONNECTION=@@COLLATION_CONNECTION */;
/*!40101 SET NAMES utf8mb4 */;
/*!40103 SET @OLD_TIME_ZONE=@@TIME_ZONE */;
/*!40103 SET TIME_ZONE='+00:00' */;
/*!40014 SET @OLD_UNIQUE_CHECKS=@@UNIQUE_CHECKS, UNIQUE_CHECKS=0 */;
/*!40014 SET @OLD_FOREIGN_KEY_CHECKS=@@FOREIGN_KEY_CHECKS, FOREIGN_KEY_CHECKS=0 */;
/*!40101 SET @OLD_SQL_MODE=@@SQL_MODE, SQL_MODE='NO_AUTO_VALUE_ON_ZERO' */;
/*!40111 SET @OLD_SQL_NOTES=@@SQL_NOTES, SQL_NOTES=0 */;

--
-- Table structure for table `administrador`
--

DROP TABLE IF EXISTS `administrador`;
/*!40101 SET @saved_cs_client     = @@character_set_client */;
/*!40101 SET character_set_client = utf8 */;
CREATE TABLE `administrador` (
  `id_admin` int(11) NOT NULL AUTO_INCREMENT,
  `nombre_completo` varchar(100) NOT NULL,
  `nombre_admin` varchar(60) NOT NULL,
  `clave` mediumtext NOT NULL,
  `email_admin` varchar(100) NOT NULL,
  PRIMARY KEY (`id_admin`),
  UNIQUE KEY `correo` (`email_admin`)
) ENGINE=InnoDB AUTO_INCREMENT=2 DEFAULT CHARSET=utf8 COLLATE=utf8_general_ci;
/*!40101 SET character_set_client = @saved_cs_client */;

--
-- Dumping data for table `administrador`
--

LOCK TABLES `administrador` WRITE;
/*!40000 ALTER TABLE `administrador` DISABLE KEYS */;
INSERT INTO `administrador` VALUES (1,'Super Administrador','Administrador','2a2e9a58102784ca18e2605a4e727b5f','administrador@gmail.com');
/*!40000 ALTER TABLE `administrador` ENABLE KEYS */;
UNLOCK TABLES;

--
-- Table structure for table `cliente`
--

DROP TABLE IF EXISTS `cliente`;
/*!40101 SET @saved_cs_client     = @@character_set_client */;
/*!40101 SET character_set_client = utf8 */;
CREATE TABLE `cliente` (
  `id_cliente` int(11) NOT NULL AUTO_INCREMENT,
  `nombre_completo` varchar(100) NOT NULL,
  `nombre_usuario` varchar(100) NOT NULL,
  `email_cliente` varchar(100) NOT NULL,
  `clave` varchar(120) NOT NULL,
  `id_departamento` int(11) DEFAULT NULL,
  `id_rol` int(11) DEFAULT NULL,
  `telefono_celular` varchar(10) DEFAULT NULL,
  `Fecha_creacion` timestamp NOT NULL DEFAULT current_timestamp(),
  `idEstatus` int(11) NOT NULL,
  `anydesk` int(12) DEFAULT NULL,
  PRIMARY KEY (`id_cliente`),
  KEY `FK_EST2` (`idEstatus`),
  KEY `FK_ROL` (`id_rol`),
  KEY `FK_CLIENTEDEPA` (`id_departamento`),
  CONSTRAINT `FK_CLIENTEDEPA` FOREIGN KEY (`id_departamento`) REFERENCES `departamento` (`idDepartamento`) ON UPDATE NO ACTION,
  CONSTRAINT `FK_EST2` FOREIGN KEY (`idEstatus`) REFERENCES `estatus` (`idEstatus`) ON DELETE NO ACTION,
  CONSTRAINT `FK_ROL` FOREIGN KEY (`id_rol`) REFERENCES `rol` (`idRol`) ON DELETE NO ACTION
) ENGINE=InnoDB AUTO_INCREMENT=88 DEFAULT CHARSET=utf8 COLLATE=utf8_general_ci;
/*!40101 SET character_set_client = @saved_cs_client */;

--
-- Dumping data for table `cliente`
--

LOCK TABLES `cliente` WRITE;
/*!40000 ALTER TABLE `cliente` DISABLE KEYS */;
INSERT INTO `cliente` VALUES (1,'LEONARDO SAINOS PÉREZ','LeonardoSainos','tecnologias.alcomex@gmail.com','5e8667a439c68f5145dd2fcbecf02209',2526,4046,'2228412398','2023-02-21 15:43:55',31448,1489642851),(29,'EDSON MONTIEL ALVAREZ','EdsonRH','rhumanos@alcomex.mx','e205a48b5fdc022bf2f202897c243f07',2524,5267,'2221917939','2023-03-14 19:26:32',31448,897345781),(31,'GIBRAN ANTONIO GARCIA XICOHTENCATL','Gibran','sistemas@alcomex.mx','cc3173f9b9818e7507e07c83f7880381',2526,4046,'2223245928','2023-03-23 16:45:16',31448,191636151),(59,'ANA PATRICIA  ARROYO VIEYRA','Patty','anapatriciaarroyo7@gmail.com','1634b5ea562876a8aa28812b2c9961bb',2531,5267,'2216495815','2023-04-14 16:07:11',31448,793592225),(64,'JOSEPH MISAEL SALDAÑA LEYVA','joseph','seguridadpatrimonial@alcomex.mxx','2226cb2bd3f2573223d8dd5f90a77364',2534,5267,'2225999552','2023-04-21 18:01:48',25542,720581229),(65,'ANA LAURA TREJO MORENO ','AnaLau2023','ana.trejo@alcomex.mx','c7906231199caf874f6bac22a8494dca',2536,5267,'2221804412','2023-04-21 18:02:20',31448,1016598060),(66,'ALMA HUITZIL ORTIZ','Alma','enthemar@gmail.com','01c961e670b09d58480617cd55e00864',2531,5267,'2227279900','2023-04-21 18:11:14',25542,723604941),(67,'ARACELI JUAREZ HERNANDEZ','JUAREZARACELI','transporte-logistica@alcomex.mx','00485c72e98b4556153bfcc6a29c55e3',2540,5267,'2211053781','2023-04-21 18:11:25',31448,297666162),(68,'JESSICA MORALES ALARCON','moralesjessica','facturacion@alcomex.mx','5d3e0bfdfbc6537e90c315fd9050b7b6',2539,5267,'2221521783','2023-04-21 18:12:32',31448,180064551),(69,'ALEJANDRO DAMAZO','AlejandroD','alejandro.damazo@alcomex.mx','e955a29b180129018367c8bc8c988b4d',2532,5267,'2223342375','2023-04-21 18:18:59',31448,894125622),(70,'JOSUE GONZALEZ HUERTA','Monitoreo','monitoreo@alcomex.mx','2dac9d087e6e970067c81c3edd20903c',2534,5267,'2228673417','2023-04-21 18:25:08',25542,1037551026),(71,'ALEJANDRA VERÓNICA TÉLLEZ SÁNCHEZ','ALEJANDRA','transporte-logistica@alcomex.mx','30dcdfabd738069d5f0a06362ed71843',2535,5267,'2228131844','2023-04-21 18:26:02',31448,853770298),(72,'MIRIAM LIZBETH ESPINOSA HERNANDEZ','MiriamEspinosa','lunaazul1688@gmail.com','fb6293a9bc14a34d1388a4988998e75d',2536,5267,'2225543721','2023-04-21 18:40:29',31448,348503780),(73,'KAREN REYNOSO','Karen','anakaren.reynoso@alcomex.mx','bef8665b78579ea17986c188406d9dc1',2538,5267,'2223345850','2023-04-21 18:44:11',25542,331567128),(74,'LUIS MANUEL AMARO VAZQUEZ','manuel','luis.amaro@alcomex.mx','22536308e001c4b6e553c75310836485',2536,5267,'2221542607','2023-04-21 21:22:59',31448,509775324),(75,'BRENDA FLORES','BRENDA','monitoreo@alcomex.mx','25f9e794323b453885f5181f1b624d0b',2534,5267,'2228673417','2023-04-22 00:00:31',31448,1037551026),(76,'CARLOS ALBERTO DIAZ MARTINEZ','CONTADOR','charlydm20@gmail.com','7ed863b3e798b5c0708cab0ffe87c999',2531,5267,'2225496780','2023-04-24 15:54:29',31448,461346563),(78,'PRUEBA PRUEBA','Prueba','prueba@gmail.com','5e8667a439c68f5145dd2fcbecf02209',2528,9947,'222232323','2023-04-27 19:25:50',31448,222232323),(79,'GISELA HERNANDEZ RAMIREZ','Ghernandez','heriberto.alvarez@alcomex.mx','227808f020c2e11db2c2e203bd3f99e2',2537,5267,'2227075021','2023-04-29 16:42:27',25542,599295171),(80,'JAVIER YOVANI CARCAMO PEREZ ','Yovani','javieryovani.carcamo@gmail.com','e488ba3443fada2b7efcf5aec0dda9f8',2533,5267,'2221107043','2023-05-05 18:24:34',31448,997410199),(81,'KARLA FLORES CONDE','KarlaFC','asistentelogistico.alcomex@gmail.com','136dc48d8b1434a1b2fe5239e670f843',2536,5267,'2221804412','2023-05-09 23:46:02',25542,101659806),(82,'LETICIA JUÁREZ ROMERO','Lety','ir126406@gmail.com','bbd80360a419719fb305d8f88af957d9',2534,5267,'2211344957','2023-05-11 17:25:15',25542,742045693),(83,'JESÚS PÉREZ BRINDIS','Jpb','jesus.transporte@alcomex.mx','198998936df6b9865c0f88ef6a6ec180',2537,5267,'2211197119','2023-05-29 18:54:48',31448,1083375969),(84,'ALEXANDRA GARCÍA','alexa','auxiliarlogistico.alcomex@gmail.com','4203360c987097ddf18a6f97868690fb',2541,5267,'2223106220','2023-05-30 18:38:53',31448,682803391),(85,'ABDIEL CARVAJAL','abdiel','seguridadpatrimonial@alcomex.mx','075aebcab43880b8e968a53c28d0faa0',2534,5267,'2225999552','2023-07-27 15:38:19',31448,720581229),(86,'Victor Manuel Mendez','Muelas','muelaass@gmail.com','5e8667a439c68f5145dd2fcbecf02209',2526,2736,' 222233669','2023-09-18 20:35:24',31448,NULL),(87,'Don Alejandro Sotarriba','DonAle','donalejandro@gmail.com','5e8667a439c68f5145dd2fcbecf02209',2528,2736,' 220098965','2023-09-18 21:03:36',31448,0);
/*!40000 ALTER TABLE `cliente` ENABLE KEYS */;
UNLOCK TABLES;
/*!50003 SET @saved_cs_client      = @@character_set_client */ ;
/*!50003 SET @saved_cs_results     = @@character_set_results */ ;
/*!50003 SET @saved_col_connection = @@collation_connection */ ;
/*!50003 SET character_set_client  = utf8mb4 */ ;
/*!50003 SET character_set_results = utf8mb4 */ ;
/*!50003 SET collation_connection  = utf8mb4_general_ci */ ;
/*!50003 SET @saved_sql_mode       = @@sql_mode */ ;
/*!50003 SET sql_mode              = 'NO_AUTO_VALUE_ON_ZERO' */ ;
DELIMITER ;;
/*!50003 CREATE*/ /*!50017 DEFINER=`root`@`localhost`*/ /*!50003 TRIGGER `InsertarCliente` AFTER INSERT ON `cliente` FOR EACH ROW INSERT INTO registro_alteraciones (usuario,accion,idAlterado,tabla)   VALUES (0,"", NEW.id_cliente,"cliente") */;;
DELIMITER ;
/*!50003 SET sql_mode              = @saved_sql_mode */ ;
/*!50003 SET character_set_client  = @saved_cs_client */ ;
/*!50003 SET character_set_results = @saved_cs_results */ ;
/*!50003 SET collation_connection  = @saved_col_connection */ ;
/*!50003 SET @saved_cs_client      = @@character_set_client */ ;
/*!50003 SET @saved_cs_results     = @@character_set_results */ ;
/*!50003 SET @saved_col_connection = @@collation_connection */ ;
/*!50003 SET character_set_client  = utf8mb4 */ ;
/*!50003 SET character_set_results = utf8mb4 */ ;
/*!50003 SET collation_connection  = utf8mb4_general_ci */ ;
/*!50003 SET @saved_sql_mode       = @@sql_mode */ ;
/*!50003 SET sql_mode              = 'NO_AUTO_VALUE_ON_ZERO' */ ;
DELIMITER ;;
/*!50003 CREATE*/ /*!50017 DEFINER=`root`@`localhost`*/ /*!50003 TRIGGER `registro_alteracion_clientes` AFTER UPDATE ON `cliente` FOR EACH ROW INSERT INTO registro_alteraciones (usuario,accion,idAlterado,tabla)   VALUES (0,"", NEW.id_cliente,"cliente") */;;
DELIMITER ;
/*!50003 SET sql_mode              = @saved_sql_mode */ ;
/*!50003 SET character_set_client  = @saved_cs_client */ ;
/*!50003 SET character_set_results = @saved_cs_results */ ;
/*!50003 SET collation_connection  = @saved_col_connection */ ;
/*!50003 SET @saved_cs_client      = @@character_set_client */ ;
/*!50003 SET @saved_cs_results     = @@character_set_results */ ;
/*!50003 SET @saved_col_connection = @@collation_connection */ ;
/*!50003 SET character_set_client  = utf8mb4 */ ;
/*!50003 SET character_set_results = utf8mb4 */ ;
/*!50003 SET collation_connection  = utf8mb4_general_ci */ ;
/*!50003 SET @saved_sql_mode       = @@sql_mode */ ;
/*!50003 SET sql_mode              = 'NO_AUTO_VALUE_ON_ZERO' */ ;
DELIMITER ;;
/*!50003 CREATE*/ /*!50017 DEFINER=`root`@`localhost`*/ /*!50003 TRIGGER `Eliminarregistro_alteracionesUsuarios` BEFORE DELETE ON `cliente` FOR EACH ROW INSERT INTO registro_alteraciones (usuario,accion,idAlterado,tabla)   VALUES (0,"Eliminar", OLD.id_cliente,"cliente") */;;
DELIMITER ;
/*!50003 SET sql_mode              = @saved_sql_mode */ ;
/*!50003 SET character_set_client  = @saved_cs_client */ ;
/*!50003 SET character_set_results = @saved_cs_results */ ;
/*!50003 SET collation_connection  = @saved_col_connection */ ;

--
-- Table structure for table `departamento`
--

DROP TABLE IF EXISTS `departamento`;
/*!40101 SET @saved_cs_client     = @@character_set_client */;
/*!40101 SET character_set_client = utf8 */;
CREATE TABLE `departamento` (
  `idDepartamento` int(11) NOT NULL AUTO_INCREMENT,
  `nombre` varchar(100) DEFAULT NULL,
  `correo` varchar(55) DEFAULT NULL,
  `descripcion` varchar(300) DEFAULT NULL,
  `idEstatus` int(10) DEFAULT NULL,
  `idJefe` int(10) DEFAULT NULL,
  `fecha` timestamp NOT NULL DEFAULT current_timestamp(),
  PRIMARY KEY (`idDepartamento`),
  UNIQUE KEY `correo` (`correo`),
  KEY `FK_DEPART` (`idEstatus`),
  KEY `Fk_jefes` (`idJefe`),
  CONSTRAINT `FK_DEPART` FOREIGN KEY (`idEstatus`) REFERENCES `estatus` (`idEstatus`) ON DELETE NO ACTION,
  CONSTRAINT `FK_LIDER` FOREIGN KEY (`idJefe`) REFERENCES `cliente` (`id_cliente`) ON DELETE NO ACTION,
  CONSTRAINT `Fk_jefe` FOREIGN KEY (`idJefe`) REFERENCES `cliente` (`id_cliente`) ON UPDATE NO ACTION,
  CONSTRAINT `Fk_jefes` FOREIGN KEY (`idJefe`) REFERENCES `cliente` (`id_cliente`) ON UPDATE NO ACTION
) ENGINE=InnoDB AUTO_INCREMENT=2542 DEFAULT CHARSET=utf8 COLLATE=utf8_general_ci;
/*!40101 SET character_set_client = @saved_cs_client */;

--
-- Dumping data for table `departamento`
--

LOCK TABLES `departamento` WRITE;
/*!40000 ALTER TABLE `departamento` DISABLE KEYS */;
INSERT INTO `departamento` VALUES (2505,'Sin departamento','','',31448,NULL,'2023-03-09 18:16:27'),(2524,'B1 Recursos Humanos','alcomex2022@gmail.com','Recursos humanos alcomex',31448,29,'2023-03-14 19:29:28'),(2526,'B1 Sistemas','tecnologias.alcomex@gmail.com','Soporte técnico de sistemas',31448,31,'2023-04-11 22:28:06'),(2528,'B2 Taller','almacen.alcomex@gmail.com','Taller de  tractos San Pablo Xochimehuacan',31448,31,'2023-04-14 15:37:45'),(2529,'B3 Encierro ','Jpbrindis@hotmail.com','Encierro principal de tractos',31448,31,'2023-04-14 15:40:17'),(2530,'B4 Gasolinera','alcomexB4@gmail.com','Gasolinera Amozoc',31448,1,'2023-04-14 15:42:23'),(2531,'B1 Contabilidad','contabilidad2023alcomex@gmail.com','Departamento de contabilidad',31448,76,'2023-04-14 16:10:16'),(2532,'B1 Coordinación tráfico','luis.amaro@alcomex.mx','Coordinación de tráfico Alcomex',31448,NULL,'2023-04-14 16:19:36'),(2533,'B1 Coordinación de unidades','alejandro.damazo@alcomex.mx','Coordinación de unidades',31448,69,'2023-04-21 18:10:33'),(2534,'B1 Seguridad patrimonial','seguridadpatrimonial@alcomex.mx','Área de monitoreo',31448,64,'2023-04-21 18:13:27'),(2535,'B1 Cuentas por cobrar','transporte-logistica@alcomex.mx','Área de cuentas por cobrar',31448,71,'2023-04-21 18:16:23'),(2536,'B1 Coordinación logística ','ana.trejo@alcomex.mx','Área encargada de administrar logística ',31448,74,'2023-04-21 18:24:47'),(2537,'B1 Gerencia de operaciones','heribertoalvarez@alcomex.mx','Gerencia de operaciones',31448,31,'2023-04-21 19:28:50'),(2538,'B1 Coordinación logística de Coopel','anakaren.reynoso@alcomex.mx','Coordinación logística ',31448,84,'2023-04-21 22:33:38'),(2539,'B1 Facturación','facturacion@alcomex.mx','Área de facturación',31448,68,'2023-04-24 21:50:33'),(2540,'B1 Devoluciones','transportesalcomex@gmail.com','Área de devoluciones',31448,67,'2023-04-24 22:01:31'),(2541,'B1 Recepción','tecnologiaas.alcomex@gmail.com','Recepción alcomex',31448,31,'2023-04-28 15:45:39');
/*!40000 ALTER TABLE `departamento` ENABLE KEYS */;
UNLOCK TABLES;
/*!50003 SET @saved_cs_client      = @@character_set_client */ ;
/*!50003 SET @saved_cs_results     = @@character_set_results */ ;
/*!50003 SET @saved_col_connection = @@collation_connection */ ;
/*!50003 SET character_set_client  = utf8mb4 */ ;
/*!50003 SET character_set_results = utf8mb4 */ ;
/*!50003 SET collation_connection  = utf8mb4_general_ci */ ;
/*!50003 SET @saved_sql_mode       = @@sql_mode */ ;
/*!50003 SET sql_mode              = 'NO_AUTO_VALUE_ON_ZERO' */ ;
DELIMITER ;;
/*!50003 CREATE*/ /*!50017 DEFINER=`root`@`localhost`*/ /*!50003 TRIGGER `InsertarDepartamento` AFTER INSERT ON `departamento` FOR EACH ROW INSERT INTO registro_alteraciones (usuario,accion,idAlterado,tabla)   VALUES (0,"", NEW.idDepartamento,"departamento") */;;
DELIMITER ;
/*!50003 SET sql_mode              = @saved_sql_mode */ ;
/*!50003 SET character_set_client  = @saved_cs_client */ ;
/*!50003 SET character_set_results = @saved_cs_results */ ;
/*!50003 SET collation_connection  = @saved_col_connection */ ;
/*!50003 SET @saved_cs_client      = @@character_set_client */ ;
/*!50003 SET @saved_cs_results     = @@character_set_results */ ;
/*!50003 SET @saved_col_connection = @@collation_connection */ ;
/*!50003 SET character_set_client  = utf8mb4 */ ;
/*!50003 SET character_set_results = utf8mb4 */ ;
/*!50003 SET collation_connection  = utf8mb4_general_ci */ ;
/*!50003 SET @saved_sql_mode       = @@sql_mode */ ;
/*!50003 SET sql_mode              = 'NO_AUTO_VALUE_ON_ZERO' */ ;
DELIMITER ;;
/*!50003 CREATE*/ /*!50017 DEFINER=`root`@`localhost`*/ /*!50003 TRIGGER `registro_alteracionesDepa` AFTER UPDATE ON `departamento` FOR EACH ROW INSERT INTO registro_alteraciones (usuario,accion,idAlterado,tabla)   VALUES (0,"", NEW.idDepartamento,"departamento") */;;
DELIMITER ;
/*!50003 SET sql_mode              = @saved_sql_mode */ ;
/*!50003 SET character_set_client  = @saved_cs_client */ ;
/*!50003 SET character_set_results = @saved_cs_results */ ;
/*!50003 SET collation_connection  = @saved_col_connection */ ;
/*!50003 SET @saved_cs_client      = @@character_set_client */ ;
/*!50003 SET @saved_cs_results     = @@character_set_results */ ;
/*!50003 SET @saved_col_connection = @@collation_connection */ ;
/*!50003 SET character_set_client  = utf8mb4 */ ;
/*!50003 SET character_set_results = utf8mb4 */ ;
/*!50003 SET collation_connection  = utf8mb4_general_ci */ ;
/*!50003 SET @saved_sql_mode       = @@sql_mode */ ;
/*!50003 SET sql_mode              = 'NO_AUTO_VALUE_ON_ZERO' */ ;
DELIMITER ;;
/*!50003 CREATE*/ /*!50017 DEFINER=`root`@`localhost`*/ /*!50003 TRIGGER `Eliminarregistro_alteracionesDepa` BEFORE DELETE ON `departamento` FOR EACH ROW INSERT INTO registro_alteraciones (usuario,accion,idAlterado,tabla)   VALUES (0,"Eliminar", OLD.idDepartamento,"departamento") */;;
DELIMITER ;
/*!50003 SET sql_mode              = @saved_sql_mode */ ;
/*!50003 SET character_set_client  = @saved_cs_client */ ;
/*!50003 SET character_set_results = @saved_cs_results */ ;
/*!50003 SET collation_connection  = @saved_col_connection */ ;

--
-- Table structure for table `enviocorreo`
--

DROP TABLE IF EXISTS `enviocorreo`;
/*!40101 SET @saved_cs_client     = @@character_set_client */;
/*!40101 SET character_set_client = utf8 */;
CREATE TABLE `enviocorreo` (
  `correo` int(11) NOT NULL,
  `contraseña` varchar(50) CHARACTER SET latin1 COLLATE latin1_swedish_ci DEFAULT NULL,
  `fecha` varchar(50) DEFAULT current_timestamp(),
  `id` int(11) NOT NULL AUTO_INCREMENT,
  PRIMARY KEY (`id`),
  KEY `Fk_enviocorreo` (`correo`),
  CONSTRAINT `Fk_enviocorreo` FOREIGN KEY (`correo`) REFERENCES `departamento` (`idDepartamento`) ON UPDATE NO ACTION
) ENGINE=InnoDB AUTO_INCREMENT=3 DEFAULT CHARSET=utf8 COLLATE=utf8_general_ci;
/*!40101 SET character_set_client = @saved_cs_client */;

--
-- Dumping data for table `enviocorreo`
--

LOCK TABLES `enviocorreo` WRITE;
/*!40000 ALTER TABLE `enviocorreo` DISABLE KEYS */;
INSERT INTO `enviocorreo` VALUES (2526,'ÄÙ„ª)Ón?$j*½ˆèÅÒ×ñÔüY)	Qùe','2023-04-11 16:43:50',2);
/*!40000 ALTER TABLE `enviocorreo` ENABLE KEYS */;
UNLOCK TABLES;

--
-- Table structure for table `estatus`
--

DROP TABLE IF EXISTS `estatus`;
/*!40101 SET @saved_cs_client     = @@character_set_client */;
/*!40101 SET character_set_client = utf8 */;
CREATE TABLE `estatus` (
  `idEstatus` int(11) NOT NULL AUTO_INCREMENT,
  `Nombre` varchar(50) DEFAULT NULL,
  PRIMARY KEY (`idEstatus`)
) ENGINE=InnoDB AUTO_INCREMENT=94577 DEFAULT CHARSET=utf8 COLLATE=utf8_general_ci;
/*!40101 SET character_set_client = @saved_cs_client */;

--
-- Dumping data for table `estatus`
--

LOCK TABLES `estatus` WRITE;
/*!40000 ALTER TABLE `estatus` DISABLE KEYS */;
INSERT INTO `estatus` VALUES (19231,'Temporal'),(25542,'Bloqueado'),(31448,'Activo'),(94573,'Vacaciones'),(94574,'ABIERTO'),(94575,'EN PROCESO'),(94576,'CERRADO');
/*!40000 ALTER TABLE `estatus` ENABLE KEYS */;
UNLOCK TABLES;

--
-- Table structure for table `registro_alteraciones`
--

DROP TABLE IF EXISTS `registro_alteraciones`;
/*!40101 SET @saved_cs_client     = @@character_set_client */;
/*!40101 SET character_set_client = utf8 */;
CREATE TABLE `registro_alteraciones` (
  `id_registro` int(11) NOT NULL AUTO_INCREMENT,
  `usuario` int(11) NOT NULL,
  `fecha` timestamp NOT NULL DEFAULT current_timestamp(),
  `accion` varchar(255) NOT NULL,
  `idAlterado` int(11) DEFAULT NULL,
  `tabla` varchar(40) DEFAULT NULL,
  PRIMARY KEY (`id_registro`)
) ENGINE=InnoDB AUTO_INCREMENT=1659 DEFAULT CHARSET=utf8 COLLATE=utf8_general_ci;
/*!40101 SET character_set_client = @saved_cs_client */;

--
-- Dumping data for table `registro_alteraciones`
--

LOCK TABLES `registro_alteraciones` WRITE;
/*!40000 ALTER TABLE `registro_alteraciones` DISABLE KEYS */;
INSERT INTO `registro_alteraciones` VALUES (871,29,'2023-04-21 15:55:37','Insertar',123,'ticket'),(872,29,'2023-04-21 15:58:01','Insertar',124,'ticket'),(876,1,'2023-04-21 16:07:39','Actualizar',124,'ticket'),(878,1,'2023-04-21 16:09:19','Actualizar',123,'ticket'),(879,1,'2023-04-21 16:09:55','Eliminar',122,'ticket'),(884,1,'2023-04-21 16:13:39','Eliminar',2527,'departamento'),(885,0,'2023-04-21 16:39:05','Eliminar',62,'cliente'),(886,1,'2023-04-21 16:40:28','Actualizar',124,'ticket'),(887,1,'2023-04-21 16:42:35','Actualizar',123,'ticket'),(888,1,'2023-04-21 17:18:39','Actualizar',123,'ticket'),(889,63,'2023-04-21 17:54:02','Insertar',63,'cliente'),(890,1,'2023-04-21 17:58:33','EliminarU',63,'cliente'),(891,1,'2023-04-21 18:00:25','EliminarU',12,'cliente'),(892,64,'2023-04-21 18:01:48','Insertar',64,'cliente'),(893,65,'2023-04-21 18:02:20','Insertar',65,'cliente'),(894,1,'2023-04-21 18:10:33','Insertar',2533,'departamento'),(895,66,'2023-04-21 18:11:14','Insertar',66,'cliente'),(896,67,'2023-04-21 18:11:25','Insertar',67,'cliente'),(897,68,'2023-04-21 18:12:32','Insertar',68,'cliente'),(898,1,'2023-04-21 18:13:27','Insertar',2534,'departamento'),(899,1,'2023-04-21 18:13:42','Actualizar',64,'cliente'),(900,1,'2023-04-21 18:15:18','Actualizar',2533,'departamento'),(901,1,'2023-04-21 18:15:32','Actualizar',2534,'departamento'),(902,1,'2023-04-21 18:16:23','Insertar',2535,'departamento'),(903,69,'2023-04-21 18:18:59','Insertar',69,'cliente'),(904,1,'2023-04-21 18:19:31','Actualizar',69,'cliente'),(905,1,'2023-04-21 18:24:47','Insertar',2536,'departamento'),(906,70,'2023-04-21 18:25:08','Insertar',70,'cliente'),(907,1,'2023-04-21 18:25:49','Actualizar',66,'cliente'),(908,71,'2023-04-21 18:26:02','Insertar',71,'cliente'),(909,1,'2023-04-21 18:26:08','Actualizar',66,'cliente'),(910,1,'2023-04-21 18:26:47','Actualizar',70,'cliente'),(911,1,'2023-04-21 18:27:41','Actualizar',65,'cliente'),(912,1,'2023-04-21 18:28:43','Actualizar',2536,'departamento'),(913,1,'2023-04-21 18:30:33','Actualizar',67,'cliente'),(914,1,'2023-04-21 18:30:41','Actualizar',68,'cliente'),(915,1,'2023-04-21 18:31:01','Actualizar',59,'cliente'),(916,1,'2023-04-21 18:32:00','Actualizar',71,'cliente'),(917,1,'2023-04-21 18:32:20','Actualizar',65,'cliente'),(918,1,'2023-04-21 18:32:28','Actualizar',59,'cliente'),(919,72,'2023-04-21 18:40:29','Insertar',72,'cliente'),(920,73,'2023-04-21 18:44:11','Insertar',73,'cliente'),(921,1,'2023-04-21 18:48:40','Actualizar',72,'cliente'),(922,29,'2023-04-21 18:50:44','Actualizar',29,'cliente'),(923,1,'2023-04-21 18:55:57','Actualizar',2526,'departamento'),(924,1,'2023-04-21 19:05:03','Actualizar',1,'cliente'),(925,1,'2023-04-21 19:08:19','Actualizar',1,'cliente'),(926,64,'2023-04-21 19:10:10','Insertar',125,'ticket'),(927,1,'2023-04-21 19:11:35','Actualizar',2533,'departamento'),(928,1,'2023-04-21 19:28:50','Insertar',2537,'departamento'),(929,74,'2023-04-21 21:22:59','Insertar',74,'cliente'),(930,1,'2023-04-21 21:57:26','Actualizar',74,'cliente'),(931,1,'2023-04-21 21:57:58','Actualizar',74,'cliente'),(932,1,'2023-04-21 22:19:59','EliminarU',61,'cliente'),(933,1,'2023-04-21 22:33:38','Insertar',2538,'departamento'),(934,1,'2023-04-21 22:34:01','Actualizar',73,'cliente'),(935,1,'2023-04-21 22:48:03','Actualizar',2535,'departamento'),(936,1,'2023-04-21 22:48:26','Actualizar',71,'cliente'),(937,1,'2023-04-21 22:54:51','Actualizar',68,'cliente'),(938,0,'2023-04-21 22:55:06','',67,'cliente'),(939,31,'2023-04-21 23:15:19','Actualizar',125,'ticket'),(940,31,'2023-04-21 23:15:30','Actualizar',125,'ticket'),(941,71,'2023-04-21 23:34:42','Insertar',126,'ticket'),(942,31,'2023-04-21 23:35:44','Actualizar',126,'ticket'),(943,1,'2023-04-21 23:55:24','Actualizar',67,'cliente'),(944,75,'2023-04-22 00:00:31','Insertar',75,'cliente'),(945,1,'2023-04-22 00:02:18','Actualizar',75,'cliente'),(946,1,'2023-04-22 00:04:15','Actualizar',75,'cliente'),(947,1,'2023-04-22 00:06:05','Actualizar',75,'cliente'),(948,65,'2023-04-22 20:00:54','Insertar',127,'ticket'),(949,0,'2023-04-22 20:04:08','',127,'ticket'),(950,76,'2023-04-24 15:54:29','Insertar',76,'cliente'),(951,64,'2023-04-24 15:55:37','Insertar',128,'ticket'),(952,76,'2023-04-24 15:56:43','Insertar',129,'ticket'),(953,1,'2023-04-24 16:02:16','Actualizar',76,'cliente'),(954,1,'2023-04-24 16:02:39','Actualizar',2531,'departamento'),(955,31,'2023-04-24 16:10:26','Actualizar',128,'ticket'),(956,64,'2023-04-24 16:45:07','Insertar',130,'ticket'),(957,74,'2023-04-24 16:54:58','Insertar',131,'ticket'),(958,31,'2023-04-24 17:26:33','Actualizar',128,'ticket'),(959,31,'2023-04-24 17:28:03','Actualizar',130,'ticket'),(960,31,'2023-04-24 17:28:33','Actualizar',128,'ticket'),(961,31,'2023-04-24 17:28:34','Actualizar',128,'ticket'),(962,69,'2023-04-24 17:43:41','Insertar',132,'ticket'),(963,1,'2023-04-24 18:06:24','Actualizar',132,'ticket'),(964,1,'2023-04-24 21:50:33','Insertar',2539,'departamento'),(965,1,'2023-04-24 21:50:53','Actualizar',68,'cliente'),(966,1,'2023-04-24 22:01:31','Insertar',2540,'departamento'),(967,64,'2023-04-24 22:59:40','Insertar',133,'ticket'),(968,1,'2023-04-24 23:50:02','Actualizar',133,'ticket'),(969,1,'2023-04-24 23:51:40','Actualizar',129,'ticket'),(970,1,'2023-04-24 23:52:08','Actualizar',131,'ticket'),(971,1,'2023-04-24 23:56:19','Actualizar',67,'cliente'),(972,1,'2023-04-24 23:56:43','Actualizar',2536,'departamento'),(973,64,'2023-04-25 18:50:44','Insertar',134,'ticket'),(974,1,'2023-04-25 18:53:54','Actualizar',134,'ticket'),(975,75,'2023-04-25 18:55:15','Insertar',135,'ticket'),(976,1,'2023-04-25 19:08:39','Actualizar',135,'ticket'),(977,1,'2023-04-25 19:58:21','Actualizar',59,'cliente'),(978,59,'2023-04-25 19:59:50','Insertar',136,'ticket'),(979,59,'2023-04-25 20:01:03','Actualizar',59,'cliente'),(980,1,'2023-04-25 20:02:14','Actualizar',136,'ticket'),(981,1,'2023-04-25 20:53:13','Actualizar',127,'ticket'),(982,1,'2023-04-25 20:53:48','Actualizar',131,'ticket'),(983,64,'2023-04-25 21:59:47','Insertar',137,'ticket'),(984,1,'2023-04-25 22:56:15','Actualizar',131,'ticket'),(985,1,'2023-04-25 22:57:31','Actualizar',127,'ticket'),(986,1,'2023-04-25 23:03:10','Actualizar',137,'ticket'),(987,75,'2023-04-26 12:50:48','Insertar',138,'ticket'),(988,1,'2023-04-26 15:29:30','Actualizar',138,'ticket'),(989,1,'2023-04-26 15:37:12','Actualizar',138,'ticket'),(990,1,'2023-04-26 15:39:17','Actualizar',1,'cliente'),(991,1,'2023-04-26 16:09:39','EliminarU',60,'cliente'),(992,1,'2023-04-26 16:16:21','Actualizar',72,'cliente'),(993,64,'2023-04-26 17:03:53','Insertar',139,'ticket'),(994,72,'2023-04-26 17:51:03','Insertar',140,'ticket'),(996,72,'2023-04-26 18:06:14','Insertar',142,'ticket'),(997,1,'2023-04-26 18:20:29','Actualizar',140,'ticket'),(998,1,'2023-04-26 18:21:18','Actualizar',140,'ticket'),(999,1,'2023-04-26 18:23:15','Actualizar',141,'ticket'),(1000,1,'2023-04-26 18:26:08','Actualizar',137,'ticket'),(1001,64,'2023-04-26 19:17:38','Insertar',143,'ticket'),(1002,31,'2023-04-26 19:44:54','Actualizar',139,'ticket'),(1003,31,'2023-04-26 19:45:44','Actualizar',142,'ticket'),(1004,31,'2023-04-26 19:45:53','Actualizar',142,'ticket'),(1005,31,'2023-04-26 19:47:10','Actualizar',143,'ticket'),(1006,31,'2023-04-26 20:11:21','Actualizar',143,'ticket'),(1007,77,'2023-04-26 20:29:20','Insertar',77,'cliente'),(1008,1,'2023-04-26 20:31:15','Actualizar',77,'cliente'),(1009,1,'2023-04-26 20:31:18','EliminarU',77,'cliente'),(1010,1,'2023-04-26 22:22:41','Actualizar',139,'ticket'),(1011,1,'2023-04-26 22:28:02','Actualizar',1,'cliente'),(1012,1,'2023-04-26 22:33:31','Actualizar',1,'cliente'),(1013,1,'2023-04-26 22:41:01','Actualizar',1,'cliente'),(1014,1,'2023-04-26 23:09:49','Actualizar',71,'cliente'),(1015,1,'2023-04-26 23:10:05','Actualizar',69,'cliente'),(1016,1,'2023-04-26 23:10:12','Actualizar',66,'cliente'),(1017,1,'2023-04-26 23:10:20','Actualizar',65,'cliente'),(1020,1,'2023-04-26 23:11:47','Actualizar',72,'cliente'),(1021,1,'2023-04-26 23:11:55','Actualizar',74,'cliente'),(1022,1,'2023-04-26 23:12:02','Actualizar',73,'cliente'),(1023,1,'2023-04-26 23:12:12','Actualizar',70,'cliente'),(1024,1,'2023-04-26 23:12:21','Actualizar',64,'cliente'),(1025,1,'2023-04-26 23:12:29','Actualizar',29,'cliente'),(1026,72,'2023-04-26 23:26:09','Insertar',144,'ticket'),(1027,1,'2023-04-26 23:53:43','Actualizar',144,'ticket'),(1028,1,'2023-04-26 23:54:01','Actualizar',144,'ticket'),(1029,72,'2023-04-27 16:12:42','Insertar',145,'ticket'),(1030,1,'2023-04-27 16:13:54','Actualizar',145,'ticket'),(1031,1,'2023-04-27 17:26:20','Actualizar',137,'ticket'),(1032,1,'2023-04-27 17:29:31','Actualizar',128,'ticket'),(1033,1,'2023-04-27 17:36:24','Actualizar',134,'ticket'),(1034,1,'2023-04-27 17:38:34','Actualizar',134,'ticket'),(1035,1,'2023-04-27 17:39:18','Actualizar',134,'ticket'),(1036,1,'2023-04-27 17:45:13','Actualizar',134,'ticket'),(1037,1,'2023-04-27 17:45:59','Actualizar',134,'ticket'),(1038,1,'2023-04-27 17:48:24','Actualizar',134,'ticket'),(1039,1,'2023-04-27 17:59:52','Actualizar',134,'ticket'),(1040,1,'2023-04-27 18:02:27','Actualizar',134,'ticket'),(1041,1,'2023-04-27 18:12:02','Actualizar',134,'ticket'),(1042,1,'2023-04-27 18:12:33','Actualizar',1,'cliente'),(1043,1,'2023-04-27 18:17:49','Actualizar',145,'ticket'),(1044,1,'2023-04-27 18:17:57','Actualizar',145,'ticket'),(1045,1,'2023-04-27 18:18:29','Actualizar',145,'ticket'),(1047,1,'2023-04-27 18:30:10','Actualizar',1,'cliente'),(1049,1,'2023-04-27 19:25:50','Insertar',78,'cliente'),(1050,1,'2023-04-27 19:25:56','Actualizar',78,'cliente'),(1051,78,'2023-04-27 19:26:48','Insertar',146,'ticket'),(1052,64,'2023-04-27 19:45:07','Insertar',147,'ticket'),(1053,59,'2023-04-27 20:08:35','Insertar',148,'ticket'),(1054,1,'2023-04-27 20:11:39','Actualizar',148,'ticket'),(1055,1,'2023-04-27 20:19:25','Eliminar',146,'ticket'),(1056,1,'2023-04-27 20:19:37','Actualizar',148,'ticket'),(1059,1,'2023-04-27 20:39:11','Actualizar',148,'ticket'),(1060,1,'2023-04-27 20:50:49','Actualizar',148,'ticket'),(1061,1,'2023-04-27 23:36:35','Actualizar',147,'ticket'),(1062,1,'2023-04-27 23:56:31','Actualizar',78,'cliente'),(1063,1,'2023-04-28 15:45:39','Insertar',2541,'departamento'),(1064,72,'2023-04-28 18:37:33','Insertar',149,'ticket'),(1065,31,'2023-04-28 18:41:34','Actualizar',149,'ticket'),(1066,1,'2023-04-28 18:43:49','Actualizar',149,'ticket'),(1067,79,'2023-04-29 16:42:27','Insertar',79,'cliente'),(1068,1,'2023-04-29 16:42:51','Actualizar',79,'cliente'),(1069,79,'2023-04-29 16:44:32','Insertar',150,'ticket'),(1070,1,'2023-04-29 17:02:45','Actualizar',73,'cliente'),(1071,73,'2023-04-29 17:09:12','Insertar',151,'ticket'),(1072,1,'2023-04-29 17:15:54','Actualizar',151,'ticket'),(1073,1,'2023-04-29 17:26:58','Insertar',152,'ticket'),(1074,1,'2023-04-29 17:27:27','Insertar',153,'ticket'),(1075,1,'2023-04-29 17:37:17','Actualizar',1,'cliente'),(1077,31,'2023-04-29 18:16:09','Actualizar',150,'ticket'),(1078,72,'2023-04-29 18:16:29','Insertar',154,'ticket'),(1079,1,'2023-04-29 18:30:19','Eliminar',153,'ticket'),(1080,1,'2023-04-29 18:30:24','Eliminar',152,'ticket'),(1081,72,'2023-04-29 18:44:42','Insertar',155,'ticket'),(1082,1,'2023-04-29 19:19:21','Actualizar',155,'ticket'),(1083,1,'2023-04-29 19:19:47','Actualizar',154,'ticket'),(1084,1,'2023-04-29 19:20:07','Actualizar',154,'ticket'),(1085,1,'2023-04-29 19:25:47','Actualizar',154,'ticket'),(1086,1,'2023-04-29 19:26:31','Actualizar',154,'ticket'),(1087,31,'2023-05-02 15:46:09','Actualizar',151,'ticket'),(1088,31,'2023-05-02 15:46:21','Actualizar',151,'ticket'),(1089,31,'2023-05-02 15:46:28','Actualizar',151,'ticket'),(1090,59,'2023-05-02 17:25:46','Insertar',156,'ticket'),(1091,59,'2023-05-02 17:29:04','Insertar',157,'ticket'),(1092,72,'2023-05-02 17:33:05','Insertar',158,'ticket'),(1093,31,'2023-05-02 17:38:04','Actualizar',158,'ticket'),(1094,1,'2023-05-02 19:21:27','Actualizar',158,'ticket'),(1095,1,'2023-05-02 19:28:44','Actualizar',78,'cliente'),(1097,78,'2023-05-02 19:32:55','Insertar',159,'ticket'),(1098,78,'2023-05-02 19:37:04','Insertar',160,'ticket'),(1099,78,'2023-05-02 19:37:44','Eliminar',160,'ticket'),(1100,78,'2023-05-02 19:37:44','Eliminar',159,'ticket'),(1107,78,'2023-05-02 19:54:24','Eliminar',161,'ticket'),(1108,1,'2023-05-02 20:18:42','Actualizar',65,'cliente'),(1109,1,'2023-05-02 22:27:14','Actualizar',79,'cliente'),(1110,1,'2023-05-02 23:25:13','Actualizar',78,'cliente'),(1111,1,'2023-05-02 23:26:08','Actualizar',132,'ticket'),(1112,1,'2023-05-02 23:26:44','Actualizar',132,'ticket'),(1113,1,'2023-05-02 23:29:58','Actualizar',132,'ticket'),(1114,78,'2023-05-02 23:30:49','Actualizar',132,'ticket'),(1115,78,'2023-05-02 23:31:01','Actualizar',132,'ticket'),(1117,72,'2023-05-03 15:42:31','Insertar',162,'ticket'),(1118,31,'2023-05-03 15:59:26','Actualizar',162,'ticket'),(1119,1,'2023-05-03 16:59:30','Actualizar',2538,'departamento'),(1120,1,'2023-05-03 17:00:37','Actualizar',2538,'departamento'),(1121,64,'2023-05-03 18:44:18','Insertar',163,'ticket'),(1122,1,'2023-05-03 18:49:33','Actualizar',163,'ticket'),(1123,1,'2023-05-03 22:47:29','Actualizar',31,'cliente'),(1124,67,'2023-05-04 17:49:18','Insertar',164,'ticket'),(1126,1,'2023-05-04 19:02:08','Actualizar',165,'ticket'),(1127,1,'2023-05-04 19:03:43','Actualizar',164,'ticket'),(1128,73,'2023-05-04 23:05:11','Actualizar',157,'ticket'),(1129,73,'2023-05-04 23:05:25','Actualizar',156,'ticket'),(1130,73,'2023-05-04 23:05:32','Actualizar',156,'ticket'),(1131,80,'2023-05-05 18:24:34','Insertar',80,'cliente'),(1132,1,'2023-05-05 18:27:35','Actualizar',80,'cliente'),(1133,1,'2023-05-05 18:32:00','Actualizar',78,'cliente'),(1134,1,'2023-05-05 18:51:33','Actualizar',31,'cliente'),(1135,1,'2023-05-05 18:52:50','Actualizar',1,'cliente'),(1136,1,'2023-05-05 18:54:55','Actualizar',70,'cliente'),(1137,1,'2023-05-05 18:55:04','Actualizar',75,'cliente'),(1138,1,'2023-05-05 18:55:34','Actualizar',67,'cliente'),(1139,1,'2023-05-05 18:56:07','Actualizar',73,'cliente'),(1140,1,'2023-05-05 18:56:46','Actualizar',79,'cliente'),(1141,1,'2023-05-05 18:57:51','Actualizar',64,'cliente'),(1142,1,'2023-05-05 18:58:54','Actualizar',29,'cliente'),(1143,1,'2023-05-05 19:22:59','Actualizar',59,'cliente'),(1144,1,'2023-05-05 19:24:08','Actualizar',72,'cliente'),(1145,1,'2023-05-05 19:24:49','Actualizar',74,'cliente'),(1146,1,'2023-05-05 19:26:05','Actualizar',66,'cliente'),(1147,1,'2023-05-05 19:30:52','Actualizar',69,'cliente'),(1148,1,'2023-05-05 19:31:32','Actualizar',80,'cliente'),(1149,1,'2023-05-05 19:35:24','Actualizar',71,'cliente'),(1150,1,'2023-05-05 19:36:48','Actualizar',68,'cliente'),(1151,1,'2023-05-05 19:45:53','Actualizar',76,'cliente'),(1152,72,'2023-05-05 20:38:25','Insertar',166,'ticket'),(1153,1,'2023-05-05 21:38:13','Actualizar',166,'ticket'),(1154,64,'2023-05-06 16:47:19','Insertar',167,'ticket'),(1155,31,'2023-05-06 19:56:58','Actualizar',167,'ticket'),(1156,72,'2023-05-08 18:14:19','Insertar',168,'ticket'),(1157,64,'2023-05-08 19:43:04','Insertar',169,'ticket'),(1158,80,'2023-05-09 15:35:06','Insertar',170,'ticket'),(1159,64,'2023-05-09 16:16:18','Insertar',171,'ticket'),(1160,64,'2023-05-09 16:18:16','Insertar',172,'ticket'),(1161,1,'2023-05-09 16:25:57','Actualizar',170,'ticket'),(1162,1,'2023-05-09 16:26:20','Actualizar',170,'ticket'),(1163,1,'2023-05-09 17:35:31','Actualizar',171,'ticket'),(1164,1,'2023-05-09 17:35:49','Actualizar',168,'ticket'),(1165,64,'2023-05-09 17:44:11','Insertar',173,'ticket'),(1166,1,'2023-05-09 18:21:13','Actualizar',173,'ticket'),(1167,1,'2023-05-09 18:24:03','Actualizar',172,'ticket'),(1168,1,'2023-05-09 18:31:48','Actualizar',173,'ticket'),(1169,64,'2023-05-09 18:48:13','Insertar',174,'ticket'),(1170,29,'2023-05-09 18:58:17','Insertar',175,'ticket'),(1171,1,'2023-05-09 18:59:18','Actualizar',175,'ticket'),(1172,1,'2023-05-09 19:53:50','Actualizar',175,'ticket'),(1173,1,'2023-05-09 20:01:02','Actualizar',175,'ticket'),(1174,1,'2023-05-09 20:01:57','Actualizar',175,'ticket'),(1175,1,'2023-05-09 20:14:25','Actualizar',169,'ticket'),(1176,1,'2023-05-09 20:19:52','Actualizar',168,'ticket'),(1177,1,'2023-05-09 20:22:01','Actualizar',174,'ticket'),(1178,1,'2023-05-09 20:23:04','Actualizar',173,'ticket'),(1179,64,'2023-05-09 21:58:10','Insertar',176,'ticket'),(1180,1,'2023-05-09 22:29:00','Actualizar',176,'ticket'),(1181,73,'2023-05-09 23:06:48','Insertar',177,'ticket'),(1182,1,'2023-05-09 23:12:06','Actualizar',177,'ticket'),(1183,1,'2023-05-09 23:34:12','Actualizar',65,'cliente'),(1184,1,'2023-05-09 23:42:01','Actualizar',65,'cliente'),(1185,1,'2023-05-09 23:46:02','Insertar',81,'cliente'),(1186,1,'2023-05-09 23:47:11','Actualizar',81,'cliente'),(1187,1,'2023-05-09 23:48:16','Actualizar',81,'cliente'),(1188,1,'2023-05-09 23:48:28','Actualizar',81,'cliente'),(1189,81,'2023-05-09 23:57:51','Insertar',178,'ticket'),(1190,1,'2023-05-09 23:59:21','Actualizar',66,'cliente'),(1191,31,'2023-05-10 00:02:25','Actualizar',178,'ticket'),(1192,78,'2023-05-10 17:13:52','Insertar',179,'ticket'),(1193,1,'2023-05-10 17:16:09','Eliminar',179,'ticket'),(1194,66,'2023-05-10 17:25:42','Insertar',180,'ticket'),(1195,1,'2023-05-10 18:11:24','Actualizar',180,'ticket'),(1196,1,'2023-05-10 18:52:44','Insertar',181,'ticket'),(1197,31,'2023-05-10 18:53:03','Actualizar',180,'ticket'),(1198,64,'2023-05-10 18:59:44','Actualizar',181,'ticket'),(1199,64,'2023-05-10 19:06:02','Insertar',182,'ticket'),(1200,1,'2023-05-10 19:21:08','Actualizar',182,'ticket'),(1201,1,'2023-05-10 19:23:35','Actualizar',182,'ticket'),(1202,64,'2023-05-10 19:38:29','Insertar',183,'ticket'),(1203,31,'2023-05-10 19:43:34','Actualizar',183,'ticket'),(1204,1,'2023-05-11 15:31:33','Actualizar',180,'ticket'),(1205,1,'2023-05-11 15:32:11','Actualizar',182,'ticket'),(1206,1,'2023-05-11 15:57:05','Insertar',184,'ticket'),(1207,64,'2023-05-11 16:59:31','Insertar',185,'ticket'),(1208,1,'2023-05-11 17:16:37','Actualizar',185,'ticket'),(1209,66,'2023-05-11 17:19:22','Insertar',186,'ticket'),(1210,1,'2023-05-11 17:23:58','Actualizar',186,'ticket'),(1211,82,'2023-05-11 17:25:15','Insertar',82,'cliente'),(1212,1,'2023-05-11 17:26:23','Actualizar',82,'cliente'),(1213,29,'2023-05-11 17:40:21','Insertar',187,'ticket'),(1214,1,'2023-05-11 17:49:18','Actualizar',187,'ticket'),(1215,59,'2023-05-11 18:06:23','Insertar',188,'ticket'),(1216,1,'2023-05-11 19:06:11','Actualizar',188,'ticket'),(1217,31,'2023-05-11 22:10:36','Insertar',189,'ticket'),(1218,29,'2023-05-11 22:31:50','Actualizar',189,'ticket'),(1219,70,'2023-05-12 02:53:56','Insertar',190,'ticket'),(1220,59,'2023-05-12 15:39:22','Insertar',191,'ticket'),(1222,1,'2023-05-12 16:25:23','Actualizar',68,'cliente'),(1223,59,'2023-05-12 16:25:40','Insertar',192,'ticket'),(1224,1,'2023-05-12 16:47:27','Actualizar',192,'ticket'),(1225,68,'2023-05-12 16:50:00','Actualizar',184,'ticket'),(1226,68,'2023-05-12 16:56:22','Actualizar',184,'ticket'),(1227,59,'2023-05-12 18:14:46','Insertar',193,'ticket'),(1228,71,'2023-05-12 18:58:18','Insertar',194,'ticket'),(1229,69,'2023-05-12 18:59:24','Insertar',195,'ticket'),(1230,71,'2023-05-12 19:00:37','Insertar',196,'ticket'),(1232,1,'2023-05-13 16:38:26','Actualizar',190,'ticket'),(1233,1,'2023-05-13 16:38:52','Eliminar',196,'ticket'),(1234,1,'2023-05-13 16:40:04','Actualizar',195,'ticket'),(1235,1,'2023-05-13 16:41:23','Actualizar',194,'ticket'),(1236,64,'2023-05-15 15:33:38','Insertar',197,'ticket'),(1237,1,'2023-05-15 16:54:04','Actualizar',197,'ticket'),(1238,64,'2023-05-15 19:29:20','Insertar',198,'ticket'),(1239,75,'2023-05-15 20:49:33','Insertar',199,'ticket'),(1240,64,'2023-05-15 21:27:12','Insertar',200,'ticket'),(1241,1,'2023-05-15 22:24:55','Actualizar',200,'ticket'),(1242,31,'2023-05-15 23:11:35','Actualizar',199,'ticket'),(1243,31,'2023-05-15 23:12:12','Actualizar',198,'ticket'),(1244,64,'2023-05-16 16:17:12','Insertar',201,'ticket'),(1245,1,'2023-05-16 16:26:11','Actualizar',201,'ticket'),(1246,1,'2023-05-16 16:52:42','Actualizar',201,'ticket'),(1247,1,'2023-05-16 16:58:25','Actualizar',201,'ticket'),(1248,1,'2023-05-16 17:00:39','Actualizar',66,'cliente'),(1249,59,'2023-05-16 17:08:54','Insertar',202,'ticket'),(1250,31,'2023-05-16 17:10:21','Actualizar',202,'ticket'),(1251,1,'2023-05-16 19:17:41','Actualizar',79,'cliente'),(1252,82,'2023-05-17 04:36:08','Insertar',203,'ticket'),(1253,1,'2023-05-17 15:12:09','Actualizar',203,'ticket'),(1255,59,'2023-05-17 19:49:33','Insertar',205,'ticket'),(1256,1,'2023-05-17 19:51:15','Actualizar',204,'ticket'),(1257,64,'2023-05-17 20:05:07','Insertar',206,'ticket'),(1258,1,'2023-05-17 20:08:21','Actualizar',206,'ticket'),(1259,59,'2023-05-17 22:26:11','Insertar',207,'ticket'),(1260,59,'2023-05-17 23:12:35','Insertar',208,'ticket'),(1261,73,'2023-05-18 15:15:55','Actualizar',205,'ticket'),(1262,73,'2023-05-18 15:16:31','Actualizar',207,'ticket'),(1263,73,'2023-05-18 20:34:48','Actualizar',73,'cliente'),(1264,71,'2023-05-19 22:47:32','Insertar',209,'ticket'),(1265,1,'2023-05-19 23:14:44','Actualizar',209,'ticket'),(1266,1,'2023-05-19 23:16:48','Actualizar',209,'ticket'),(1267,1,'2023-05-19 23:33:56','Actualizar',73,'cliente'),(1268,1,'2023-05-19 23:38:39','Actualizar',78,'cliente'),(1269,59,'2023-05-19 23:40:41','Insertar',210,'ticket'),(1270,1,'2023-05-19 23:42:28','Eliminar',210,'ticket'),(1271,82,'2023-05-20 05:49:42','Insertar',211,'ticket'),(1272,64,'2023-05-20 15:26:40','Insertar',212,'ticket'),(1273,73,'2023-05-20 21:36:21','Actualizar',208,'ticket'),(1274,1,'2023-05-22 15:33:26','Actualizar',209,'ticket'),(1275,1,'2023-05-22 15:34:09','Actualizar',211,'ticket'),(1277,59,'2023-05-22 18:06:25','Insertar',213,'ticket'),(1278,59,'2023-05-22 18:18:20','Insertar',214,'ticket'),(1279,29,'2023-05-22 19:32:20','Insertar',215,'ticket'),(1280,29,'2023-05-22 22:08:41','Insertar',216,'ticket'),(1281,1,'2023-05-22 22:24:09','Actualizar',215,'ticket'),(1282,1,'2023-05-22 22:24:29','Actualizar',216,'ticket'),(1283,1,'2023-05-22 22:32:38','Actualizar',78,'cliente'),(1284,78,'2023-05-22 22:33:14','Insertar',217,'ticket'),(1285,78,'2023-05-22 22:34:32','Insertar',218,'ticket'),(1286,78,'2023-05-22 22:36:20','Insertar',219,'ticket'),(1287,78,'2023-05-22 22:36:56','Insertar',220,'ticket'),(1288,78,'2023-05-22 22:37:13','Insertar',221,'ticket'),(1289,1,'2023-05-22 22:39:38','Eliminar',221,'ticket'),(1290,1,'2023-05-22 22:39:38','Eliminar',220,'ticket'),(1291,1,'2023-05-22 22:39:38','Eliminar',219,'ticket'),(1292,1,'2023-05-22 22:39:38','Eliminar',218,'ticket'),(1293,1,'2023-05-22 22:39:38','Eliminar',217,'ticket'),(1294,1,'2023-05-22 22:40:44','Actualizar',216,'ticket'),(1295,1,'2023-05-22 22:42:34','Actualizar',216,'ticket'),(1296,78,'2023-05-22 22:46:56','Insertar',222,'ticket'),(1297,78,'2023-05-22 22:48:30','Insertar',223,'ticket'),(1298,78,'2023-05-22 22:48:54','Insertar',224,'ticket'),(1299,78,'2023-05-22 22:50:14','Insertar',225,'ticket'),(1300,1,'2023-05-22 22:50:52','Eliminar',225,'ticket'),(1301,1,'2023-05-22 22:50:52','Eliminar',224,'ticket'),(1302,1,'2023-05-22 22:50:52','Eliminar',223,'ticket'),(1303,1,'2023-05-22 22:50:52','Eliminar',222,'ticket'),(1304,64,'2023-05-23 19:45:42','Insertar',226,'ticket'),(1305,82,'2023-05-23 21:37:43','Insertar',227,'ticket'),(1306,1,'2023-05-23 22:06:41','Actualizar',227,'ticket'),(1307,59,'2023-05-23 23:09:47','Insertar',228,'ticket'),(1308,64,'2023-05-23 23:13:21','Insertar',229,'ticket'),(1309,1,'2023-05-23 23:56:53','Actualizar',228,'ticket'),(1310,1,'2023-05-23 23:57:58','Actualizar',229,'ticket'),(1311,64,'2023-05-24 19:31:06','Insertar',230,'ticket'),(1313,1,'2023-05-24 19:41:56','Actualizar',226,'ticket'),(1314,64,'2023-05-24 19:45:23','Insertar',231,'ticket'),(1315,1,'2023-05-24 19:51:47','Actualizar',231,'ticket'),(1316,64,'2023-05-25 15:28:44','Insertar',232,'ticket'),(1317,0,'2023-05-25 16:35:05','',231,'ticket'),(1318,1,'2023-05-25 16:37:03','Actualizar',232,'ticket'),(1319,1,'2023-05-25 16:55:48','Insertar',233,'ticket'),(1320,1,'2023-05-25 17:01:53','Actualizar',132,'ticket'),(1321,1,'2023-05-25 17:02:06','Actualizar',78,'cliente'),(1322,1,'2023-05-25 17:12:57','Eliminar',233,'ticket'),(1323,73,'2023-05-25 17:29:27','Actualizar',213,'ticket'),(1324,73,'2023-05-25 17:29:36','Actualizar',214,'ticket'),(1325,71,'2023-05-25 19:19:25','Insertar',234,'ticket'),(1326,31,'2023-05-25 19:21:42','Actualizar',232,'ticket'),(1327,1,'2023-05-25 19:35:38','Actualizar',234,'ticket'),(1328,0,'2023-05-26 17:42:48','',235,'ticket'),(1329,59,'2023-05-26 23:31:03','Insertar',236,'ticket'),(1330,59,'2023-05-26 23:32:14','Insertar',237,'ticket'),(1331,59,'2023-05-26 23:34:31','Insertar',238,'ticket'),(1332,31,'2023-05-26 23:44:15','Actualizar',238,'ticket'),(1333,31,'2023-05-26 23:45:03','Actualizar',237,'ticket'),(1334,31,'2023-05-26 23:45:36','Actualizar',236,'ticket'),(1335,82,'2023-05-27 01:44:01','Insertar',239,'ticket'),(1336,1,'2023-05-27 16:04:36','Actualizar',78,'cliente'),(1337,80,'2023-05-27 16:23:10','Insertar',240,'ticket'),(1338,64,'2023-05-27 16:30:59','Insertar',241,'ticket'),(1339,1,'2023-05-27 17:07:45','Actualizar',240,'ticket'),(1340,1,'2023-05-27 18:43:29','Actualizar',241,'ticket'),(1341,31,'2023-05-29 14:50:39','Actualizar',239,'ticket'),(1342,59,'2023-05-29 16:32:31','Insertar',242,'ticket'),(1343,71,'2023-05-29 16:35:15','Insertar',243,'ticket'),(1344,1,'2023-05-29 17:12:32','Actualizar',243,'ticket'),(1345,1,'2023-05-29 17:13:00','Actualizar',243,'ticket'),(1346,83,'2023-05-29 18:54:48','Insertar',83,'cliente'),(1347,83,'2023-05-29 18:56:50','Insertar',244,'ticket'),(1348,31,'2023-05-29 19:03:12','Eliminar',244,'ticket'),(1349,1,'2023-05-29 19:04:17','Actualizar',83,'cliente'),(1350,1,'2023-05-29 19:08:45','Actualizar',83,'cliente'),(1351,68,'2023-05-29 19:35:19','Insertar',245,'ticket'),(1352,1,'2023-05-29 19:57:58','Actualizar',245,'ticket'),(1353,1,'2023-05-29 20:00:17','Actualizar',31,'cliente'),(1354,1,'2023-05-29 20:01:47','Actualizar',31,'cliente'),(1355,1,'2023-05-29 20:04:07','Actualizar',81,'cliente'),(1356,1,'2023-05-30 17:39:34','Actualizar',65,'cliente'),(1357,1,'2023-05-30 18:35:06','Actualizar',65,'cliente'),(1358,84,'2023-05-30 18:38:53','Insertar',84,'cliente'),(1359,31,'2023-05-30 18:40:08','Actualizar',84,'cliente'),(1360,84,'2023-05-30 18:43:22','Insertar',246,'ticket'),(1361,31,'2023-05-30 18:44:41','Actualizar',246,'ticket'),(1362,31,'2023-05-30 18:48:17','Eliminar',246,'ticket'),(1363,1,'2023-05-30 18:52:58','Actualizar',84,'cliente'),(1364,84,'2023-05-30 19:19:25','Insertar',247,'ticket'),(1365,29,'2023-05-31 00:04:09','Insertar',248,'ticket'),(1366,1,'2023-05-31 22:50:50','Actualizar',248,'ticket'),(1367,84,'2023-06-01 15:43:53','Insertar',249,'ticket'),(1368,1,'2023-06-01 16:36:16','Actualizar',211,'ticket'),(1369,1,'2023-06-01 16:38:58','Actualizar',212,'ticket'),(1370,73,'2023-06-01 16:44:09','Actualizar',242,'ticket'),(1371,73,'2023-06-01 16:44:24','Actualizar',242,'ticket'),(1372,0,'2023-06-01 16:46:33','',250,'ticket'),(1373,1,'2023-06-01 16:50:05','Eliminar',250,'ticket'),(1374,73,'2023-06-01 16:50:22','Insertar',251,'ticket'),(1375,1,'2023-06-01 16:52:04','Actualizar',251,'ticket'),(1376,1,'2023-06-02 19:35:29','Actualizar',80,'cliente'),(1377,80,'2023-06-02 19:38:49','Insertar',252,'ticket'),(1378,1,'2023-06-02 22:13:54','Actualizar',252,'ticket'),(1379,64,'2023-06-03 00:18:06','Insertar',253,'ticket'),(1380,64,'2023-06-03 16:02:24','Insertar',254,'ticket'),(1381,1,'2023-06-03 16:04:08','Actualizar',254,'ticket'),(1382,1,'2023-06-03 16:04:33','Actualizar',253,'ticket'),(1383,59,'2023-06-05 15:22:18','Insertar',255,'ticket'),(1384,59,'2023-06-05 15:23:15','Insertar',256,'ticket'),(1385,59,'2023-06-05 15:50:10','Insertar',257,'ticket'),(1386,65,'2023-06-05 15:51:59','Insertar',258,'ticket'),(1387,67,'2023-06-05 18:09:12','Insertar',259,'ticket'),(1388,1,'2023-06-05 19:23:38','Actualizar',259,'ticket'),(1389,1,'2023-06-06 15:42:25','Actualizar',31,'cliente'),(1390,31,'2023-06-06 15:44:28','Actualizar',259,'ticket'),(1391,64,'2023-06-06 16:55:42','Insertar',260,'ticket'),(1392,31,'2023-06-06 16:56:59','Actualizar',258,'ticket'),(1393,1,'2023-06-06 16:58:01','Actualizar',260,'ticket'),(1394,1,'2023-06-06 17:14:27','Actualizar',83,'cliente'),(1395,69,'2023-06-07 15:42:27','Insertar',261,'ticket'),(1396,31,'2023-06-07 15:56:36','Actualizar',261,'ticket'),(1397,59,'2023-06-07 18:07:15','Insertar',262,'ticket'),(1398,1,'2023-06-07 18:30:47','Actualizar',262,'ticket'),(1399,1,'2023-06-07 18:31:13','Actualizar',256,'ticket'),(1400,1,'2023-06-07 18:31:43','Actualizar',255,'ticket'),(1401,80,'2023-06-07 19:09:40','Actualizar',80,'cliente'),(1402,80,'2023-06-07 19:09:57','Actualizar',80,'cliente'),(1403,80,'2023-06-07 19:12:18','Insertar',263,'ticket'),(1404,1,'2023-06-07 19:34:47','Actualizar',263,'ticket'),(1405,64,'2023-06-08 22:17:45','Insertar',264,'ticket'),(1406,1,'2023-06-08 22:26:06','Actualizar',264,'ticket'),(1407,64,'2023-06-10 16:05:19','Insertar',265,'ticket'),(1408,0,'2023-06-10 18:37:40','',265,'ticket'),(1409,31,'2023-06-12 14:49:22','Actualizar',249,'ticket'),(1410,31,'2023-06-12 14:49:39','Actualizar',247,'ticket'),(1411,75,'2023-06-12 18:17:39','Insertar',266,'ticket'),(1412,67,'2023-06-12 18:53:01','Insertar',267,'ticket'),(1413,64,'2023-06-12 19:25:25','Insertar',268,'ticket'),(1414,72,'2023-06-12 23:53:46','Insertar',269,'ticket'),(1415,1,'2023-06-12 23:58:31','Actualizar',266,'ticket'),(1416,1,'2023-06-12 23:59:38','Actualizar',269,'ticket'),(1417,0,'2023-06-13 00:00:04','',268,'ticket'),(1418,0,'2023-06-13 16:26:05','',270,'ticket'),(1419,84,'2023-06-13 16:41:31','Insertar',271,'ticket'),(1420,1,'2023-06-13 17:00:47','Actualizar',271,'ticket'),(1421,1,'2023-06-13 17:18:34','Actualizar',270,'ticket'),(1422,29,'2023-06-13 22:08:10','Insertar',272,'ticket'),(1423,1,'2023-06-13 23:56:10','Actualizar',84,'cliente'),(1424,70,'2023-06-14 01:07:19','Insertar',273,'ticket'),(1425,1,'2023-06-14 15:19:53','Actualizar',29,'cliente'),(1426,1,'2023-06-14 23:18:28','Actualizar',81,'cliente'),(1427,1,'2023-06-14 23:24:38','Actualizar',273,'ticket'),(1428,1,'2023-06-14 23:25:33','Actualizar',267,'ticket'),(1429,1,'2023-06-14 23:29:39','Actualizar',235,'ticket'),(1430,1,'2023-06-14 23:29:49','Actualizar',235,'ticket'),(1431,1,'2023-06-14 23:53:37','Insertar',274,'ticket'),(1432,1,'2023-06-14 23:54:32','Insertar',275,'ticket'),(1433,1,'2023-06-14 23:54:47','Eliminar',275,'ticket'),(1434,31,'2023-06-14 23:58:45','Actualizar',274,'ticket'),(1435,31,'2023-06-15 00:06:52','Actualizar',272,'ticket'),(1436,31,'2023-06-15 15:15:44','Insertar',276,'ticket'),(1437,31,'2023-06-15 15:21:08','Actualizar',276,'ticket'),(1438,31,'2023-06-15 15:22:45','Insertar',277,'ticket'),(1439,31,'2023-06-15 15:29:13','Insertar',278,'ticket'),(1440,70,'2023-06-15 17:43:59','Insertar',279,'ticket'),(1441,1,'2023-06-15 18:47:35','Actualizar',279,'ticket'),(1442,70,'2023-06-15 19:10:50','Insertar',280,'ticket'),(1443,31,'2023-06-15 19:30:09','Actualizar',70,'cliente'),(1444,31,'2023-06-15 19:31:30','Actualizar',280,'ticket'),(1445,70,'2023-06-15 21:05:54','Insertar',281,'ticket'),(1446,0,'2023-06-15 21:51:45','',282,'ticket'),(1447,31,'2023-06-16 14:50:55','Actualizar',282,'ticket'),(1448,31,'2023-06-16 14:51:24','Actualizar',281,'ticket'),(1449,31,'2023-06-16 14:53:35','Insertar',283,'ticket'),(1450,29,'2023-06-16 16:06:33','Insertar',284,'ticket'),(1451,1,'2023-06-16 16:38:39','Actualizar',70,'cliente'),(1452,1,'2023-06-16 16:38:54','Actualizar',75,'cliente'),(1453,75,'2023-06-16 16:46:04','Insertar',285,'ticket'),(1454,1,'2023-06-16 16:50:56','Actualizar',285,'ticket'),(1455,31,'2023-06-16 17:55:09','Actualizar',284,'ticket'),(1456,72,'2023-06-16 19:13:47','Insertar',286,'ticket'),(1457,84,'2023-06-16 19:13:52','Insertar',287,'ticket'),(1458,59,'2023-06-16 20:13:05','Insertar',288,'ticket'),(1459,1,'2023-06-17 16:24:07','Actualizar',285,'ticket'),(1460,1,'2023-06-17 16:24:31','Actualizar',286,'ticket'),(1461,1,'2023-06-17 16:25:00','Actualizar',287,'ticket'),(1462,1,'2023-06-17 16:25:21','Actualizar',287,'ticket'),(1463,65,'2023-06-17 18:11:14','Insertar',289,'ticket'),(1464,1,'2023-06-17 19:51:01','Actualizar',289,'ticket'),(1465,59,'2023-06-19 20:03:42','Insertar',290,'ticket'),(1466,59,'2023-06-19 20:05:04','Insertar',291,'ticket'),(1467,59,'2023-06-20 17:00:37','Insertar',292,'ticket'),(1468,68,'2023-06-20 17:11:20','Actualizar',292,'ticket'),(1469,64,'2023-06-20 19:38:35','Insertar',293,'ticket'),(1470,1,'2023-06-20 22:02:21','Actualizar',293,'ticket'),(1471,1,'2023-06-20 22:15:14','Actualizar',290,'ticket'),(1472,1,'2023-06-20 22:16:03','Actualizar',277,'ticket'),(1473,64,'2023-06-21 18:54:41','Insertar',294,'ticket'),(1474,64,'2023-06-21 22:46:49','Insertar',295,'ticket'),(1475,31,'2023-06-22 00:07:10','Actualizar',294,'ticket'),(1476,64,'2023-06-22 18:51:02','Insertar',296,'ticket'),(1477,59,'2023-06-22 22:45:02','Insertar',297,'ticket'),(1478,31,'2023-06-22 23:12:30','Insertar',298,'ticket'),(1479,64,'2023-06-22 23:32:32','Actualizar',298,'ticket'),(1480,64,'2023-06-26 16:14:25','Insertar',299,'ticket'),(1481,1,'2023-06-26 17:01:20','Actualizar',278,'ticket'),(1482,1,'2023-06-26 17:02:15','Actualizar',283,'ticket'),(1483,1,'2023-06-26 17:03:14','Actualizar',287,'ticket'),(1484,1,'2023-06-26 17:07:08','Actualizar',295,'ticket'),(1485,1,'2023-06-26 17:08:25','Actualizar',296,'ticket'),(1486,31,'2023-06-26 18:26:39','Actualizar',299,'ticket'),(1487,64,'2023-06-26 19:00:15','Actualizar',298,'ticket'),(1488,64,'2023-06-26 20:23:37','Insertar',300,'ticket'),(1489,64,'2023-06-26 22:41:07','Insertar',301,'ticket'),(1490,75,'2023-06-26 23:23:27','Insertar',302,'ticket'),(1491,75,'2023-06-27 01:05:48','Insertar',303,'ticket'),(1492,31,'2023-06-28 15:20:21','Actualizar',303,'ticket'),(1493,31,'2023-06-28 15:20:50','Actualizar',302,'ticket'),(1494,68,'2023-06-28 16:07:53','Insertar',304,'ticket'),(1495,67,'2023-06-28 19:42:38','Insertar',305,'ticket'),(1496,1,'2023-06-28 22:49:39','Actualizar',305,'ticket'),(1497,59,'2023-06-29 19:37:11','Insertar',306,'ticket'),(1498,31,'2023-06-30 00:16:03','Actualizar',304,'ticket'),(1499,0,'2023-06-30 00:17:59','',301,'ticket'),(1500,64,'2023-07-03 18:50:09','Insertar',307,'ticket'),(1501,31,'2023-07-03 23:35:53','Actualizar',304,'ticket'),(1502,1,'2023-07-03 23:45:43','Actualizar',307,'ticket'),(1503,75,'2023-07-04 13:26:43','Insertar',308,'ticket'),(1504,75,'2023-07-04 17:18:08','Insertar',309,'ticket'),(1505,1,'2023-07-04 23:17:05','Actualizar',308,'ticket'),(1506,1,'2023-07-04 23:17:38','Actualizar',309,'ticket'),(1507,75,'2023-07-05 03:07:13','Insertar',310,'ticket'),(1508,82,'2023-07-08 16:40:35','Insertar',311,'ticket'),(1509,82,'2023-07-09 16:21:09','Insertar',312,'ticket'),(1510,31,'2023-07-10 15:31:12','Actualizar',312,'ticket'),(1511,31,'2023-07-10 15:31:40','Actualizar',311,'ticket'),(1512,31,'2023-07-10 15:32:05','Actualizar',310,'ticket'),(1513,31,'2023-07-10 15:33:17','Actualizar',300,'ticket'),(1514,82,'2023-07-10 16:34:59','Insertar',313,'ticket'),(1515,64,'2023-07-10 17:29:48','Insertar',314,'ticket'),(1516,64,'2023-07-10 17:31:28','Insertar',315,'ticket'),(1517,64,'2023-07-11 00:01:14','Insertar',316,'ticket'),(1518,64,'2023-07-11 00:07:21','Insertar',317,'ticket'),(1519,82,'2023-07-11 13:39:12','Insertar',318,'ticket'),(1520,64,'2023-07-11 18:18:04','Insertar',319,'ticket'),(1521,72,'2023-07-11 19:31:15','Insertar',320,'ticket'),(1522,1,'2023-07-11 23:07:48','Actualizar',320,'ticket'),(1523,1,'2023-07-14 16:06:47','Actualizar',319,'ticket'),(1524,1,'2023-07-14 16:07:01','Actualizar',318,'ticket'),(1525,29,'2023-07-14 19:51:56','Insertar',321,'ticket'),(1526,1,'2023-07-17 22:26:06','Actualizar',321,'ticket'),(1527,1,'2023-07-18 23:28:52','Actualizar',257,'ticket'),(1528,1,'2023-07-18 23:29:18','Actualizar',288,'ticket'),(1529,1,'2023-07-18 23:29:49','Actualizar',291,'ticket'),(1530,1,'2023-07-18 23:30:03','Actualizar',297,'ticket'),(1531,1,'2023-07-18 23:30:41','Actualizar',306,'ticket'),(1532,1,'2023-07-18 23:31:28','Actualizar',313,'ticket'),(1533,1,'2023-07-18 23:37:14','Actualizar',317,'ticket'),(1534,1,'2023-07-18 23:38:36','Actualizar',316,'ticket'),(1535,1,'2023-07-18 23:41:37','Actualizar',260,'ticket'),(1536,1,'2023-07-18 23:42:43','Actualizar',319,'ticket'),(1537,1,'2023-07-18 23:42:58','Actualizar',318,'ticket'),(1538,1,'2023-07-18 23:43:13','Actualizar',312,'ticket'),(1539,1,'2023-07-18 23:43:17','Actualizar',312,'ticket'),(1540,1,'2023-07-18 23:44:11','Actualizar',304,'ticket'),(1541,1,'2023-07-18 23:45:07','Actualizar',272,'ticket'),(1542,1,'2023-07-18 23:45:35','Actualizar',276,'ticket'),(1543,1,'2023-07-18 23:47:08','Actualizar',172,'ticket'),(1544,1,'2023-07-18 23:47:27','Actualizar',174,'ticket'),(1545,1,'2023-07-18 23:47:39','Actualizar',251,'ticket'),(1546,75,'2023-07-19 21:12:37','Insertar',322,'ticket'),(1547,31,'2023-07-25 19:36:22','Insertar',323,'ticket'),(1548,1,'2023-07-25 23:29:40','Actualizar',1,'cliente'),(1549,1,'2023-07-26 16:17:36','Actualizar',322,'ticket'),(1550,0,'2023-07-26 18:56:57','',64,'cliente'),(1551,1,'2023-07-26 18:57:22','Actualizar',73,'cliente'),(1552,31,'2023-07-27 15:37:55','Actualizar',64,'cliente'),(1553,31,'2023-07-27 15:38:19','Insertar',85,'cliente'),(1554,31,'2023-07-27 15:38:42','Actualizar',85,'cliente'),(1555,31,'2023-07-27 15:38:52','Actualizar',85,'cliente'),(1556,85,'2023-07-27 19:49:38','Insertar',324,'ticket'),(1557,1,'2023-07-27 22:23:46','Actualizar',81,'cliente'),(1558,0,'2023-07-29 16:00:55','',85,'cliente'),(1559,0,'2023-07-31 15:58:00','',84,'cliente'),(1560,1,'2023-07-31 15:58:50','Actualizar',84,'cliente'),(1561,82,'2023-07-31 18:22:08','Insertar',325,'ticket'),(1562,1,'2023-07-31 18:38:58','Actualizar',325,'ticket'),(1563,85,'2023-08-03 15:48:03','Insertar',326,'ticket'),(1564,85,'2023-08-03 17:20:29','Insertar',327,'ticket'),(1565,1,'2023-08-04 23:06:43','Actualizar',326,'ticket'),(1566,29,'2023-08-07 15:51:28','Insertar',328,'ticket'),(1567,85,'2023-08-07 16:49:28','Insertar',329,'ticket'),(1568,1,'2023-08-07 17:08:24','Actualizar',329,'ticket'),(1569,67,'2023-08-07 17:25:55','Insertar',330,'ticket'),(1570,85,'2023-08-07 23:59:40','Insertar',331,'ticket'),(1571,85,'2023-08-08 22:31:06','Insertar',332,'ticket'),(1572,85,'2023-08-09 15:32:56','Insertar',333,'ticket'),(1573,1,'2023-08-09 18:01:37','Actualizar',333,'ticket'),(1574,1,'2023-08-09 18:02:06','Actualizar',332,'ticket'),(1575,1,'2023-08-09 19:31:46','Actualizar',330,'ticket'),(1576,1,'2023-08-09 19:33:06','Actualizar',331,'ticket'),(1577,75,'2023-08-10 00:04:12','Insertar',334,'ticket'),(1578,75,'2023-08-10 20:22:47','Insertar',335,'ticket'),(1579,85,'2023-08-11 00:02:46','Insertar',336,'ticket'),(1580,75,'2023-08-11 02:53:56','Insertar',337,'ticket'),(1581,1,'2023-08-11 16:01:44','Actualizar',31,'cliente'),(1582,1,'2023-08-11 16:02:37','Actualizar',84,'cliente'),(1583,1,'2023-08-11 16:03:46','Actualizar',334,'ticket'),(1584,1,'2023-08-11 16:04:11','Actualizar',335,'ticket'),(1585,1,'2023-08-11 16:05:31','Actualizar',336,'ticket'),(1586,1,'2023-08-11 16:06:18','Actualizar',337,'ticket'),(1587,1,'2023-08-11 16:10:27','Actualizar',328,'ticket'),(1588,1,'2023-08-11 16:11:03','Actualizar',324,'ticket'),(1589,31,'2023-08-11 19:08:43','Insertar',338,'ticket'),(1590,31,'2023-08-11 19:26:02','Insertar',339,'ticket'),(1591,1,'2023-08-11 23:53:44','Actualizar',2526,'departamento'),(1592,75,'2023-08-13 22:08:05','Insertar',340,'ticket'),(1593,82,'2023-08-14 02:52:41','Insertar',341,'ticket'),(1594,68,'2023-08-14 15:38:33','Insertar',342,'ticket'),(1595,1,'2023-08-14 16:00:56','Actualizar',342,'ticket'),(1596,1,'2023-08-14 16:11:29','Actualizar',342,'ticket'),(1597,71,'2023-08-14 16:46:12','Insertar',343,'ticket'),(1598,1,'2023-08-14 16:48:42','Actualizar',342,'ticket'),(1599,1,'2023-08-14 17:15:53','Actualizar',343,'ticket'),(1600,0,'2023-08-14 18:03:53','',341,'ticket'),(1601,1,'2023-08-14 18:04:07','Actualizar',340,'ticket'),(1602,75,'2023-08-15 17:16:39','Insertar',344,'ticket'),(1603,31,'2023-08-15 20:24:43','Actualizar',344,'ticket'),(1604,59,'2023-08-15 22:23:36','Insertar',345,'ticket'),(1605,59,'2023-08-16 16:07:15','Insertar',346,'ticket'),(1606,31,'2023-08-16 18:41:51','Actualizar',345,'ticket'),(1607,31,'2023-08-16 18:42:42','Actualizar',346,'ticket'),(1608,85,'2023-08-16 20:50:37','Insertar',347,'ticket'),(1609,1,'2023-08-16 22:52:45','Actualizar',2538,'departamento'),(1610,85,'2023-08-19 17:40:14','Insertar',348,'ticket'),(1611,31,'2023-08-19 19:16:14','Actualizar',348,'ticket'),(1612,31,'2023-08-19 19:24:09','Actualizar',347,'ticket'),(1613,59,'2023-08-21 15:28:20','Insertar',349,'ticket'),(1614,75,'2023-08-21 16:11:35','Insertar',350,'ticket'),(1615,67,'2023-08-21 16:58:21','Insertar',351,'ticket'),(1616,31,'2023-08-22 19:00:35','Actualizar',351,'ticket'),(1617,31,'2023-08-22 19:01:13','Actualizar',350,'ticket'),(1618,31,'2023-08-22 19:04:43','Actualizar',349,'ticket'),(1619,85,'2023-08-23 19:56:12','Insertar',352,'ticket'),(1620,31,'2023-08-29 15:53:40','Actualizar',352,'ticket'),(1621,1,'2023-08-29 18:25:37','Actualizar',347,'ticket'),(1622,1,'2023-08-29 20:19:29','Actualizar',82,'cliente'),(1623,1,'2023-08-29 20:23:03','Actualizar',65,'cliente'),(1624,85,'2023-08-30 15:30:44','Insertar',353,'ticket'),(1625,85,'2023-08-30 22:25:56','Insertar',354,'ticket'),(1626,1,'2023-08-30 23:04:16','Actualizar',354,'ticket'),(1627,67,'2023-09-01 15:56:12','Insertar',355,'ticket'),(1628,1,'2023-09-01 17:13:58','Actualizar',355,'ticket'),(1629,75,'2023-09-02 00:09:37','Insertar',356,'ticket'),(1630,0,'2023-09-05 19:55:13','',357,'ticket'),(1631,0,'2023-09-06 00:01:26','',357,'ticket'),(1632,31,'2023-09-06 00:02:22','Actualizar',356,'ticket'),(1633,75,'2023-09-07 22:45:35','Insertar',358,'ticket'),(1634,75,'2023-09-12 12:33:21','Insertar',359,'ticket'),(1635,31,'2023-09-12 14:55:31','Actualizar',358,'ticket'),(1636,31,'2023-09-12 14:56:19','Actualizar',359,'ticket'),(1637,75,'2023-09-12 20:32:04','Insertar',360,'ticket'),(1638,85,'2023-09-13 16:48:54','Insertar',361,'ticket'),(1639,75,'2023-09-13 17:52:09','Insertar',362,'ticket'),(1640,85,'2023-09-14 16:27:54','Insertar',363,'ticket'),(1641,59,'2023-09-14 22:51:53','Insertar',364,'ticket'),(1642,75,'2023-09-15 19:46:48','Insertar',365,'ticket'),(1643,1,'2023-09-18 15:33:20','Actualizar',360,'ticket'),(1644,1,'2023-09-18 15:33:50','Actualizar',361,'ticket'),(1645,1,'2023-09-18 15:34:30','Actualizar',363,'ticket'),(1646,1,'2023-09-18 15:35:29','Actualizar',364,'ticket'),(1647,1,'2023-09-18 15:35:41','Actualizar',364,'ticket'),(1648,1,'2023-09-18 20:11:06','Actualizar',59,'cliente'),(1649,1,'2023-09-18 20:11:30','Actualizar',85,'cliente'),(1650,1,'2023-09-18 20:35:24','Insertar',86,'cliente'),(1651,1,'2023-09-18 21:03:36','Insertar',87,'cliente'),(1652,0,'2023-09-18 21:04:29','',86,'cliente'),(1653,0,'2023-09-18 21:04:47','',87,'cliente'),(1654,75,'2023-09-20 15:23:43','Insertar',366,'ticket'),(1655,31,'2023-09-22 17:25:10','Actualizar',366,'ticket'),(1656,31,'2023-09-22 17:25:34','Actualizar',365,'ticket'),(1657,31,'2023-09-22 17:26:03','Actualizar',362,'ticket'),(1658,0,'2023-09-22 19:11:38','',367,'ticket');
/*!40000 ALTER TABLE `registro_alteraciones` ENABLE KEYS */;
UNLOCK TABLES;

--
-- Table structure for table `rol`
--

DROP TABLE IF EXISTS `rol`;
/*!40101 SET @saved_cs_client     = @@character_set_client */;
/*!40101 SET character_set_client = utf8 */;
CREATE TABLE `rol` (
  `idRol` int(11) NOT NULL AUTO_INCREMENT,
  `Nombre` varchar(30) DEFAULT NULL,
  PRIMARY KEY (`idRol`)
) ENGINE=InnoDB AUTO_INCREMENT=9948 DEFAULT CHARSET=utf8 COLLATE=utf8_general_ci;
/*!40101 SET character_set_client = @saved_cs_client */;

--
-- Dumping data for table `rol`
--

LOCK TABLES `rol` WRITE;
/*!40000 ALTER TABLE `rol` DISABLE KEYS */;
INSERT INTO `rol` VALUES (2736,'MECÁNICO'),(4046,'ADMINISTRADOR'),(5267,'TÉCNICO'),(7845,'ALMACENISTA'),(9947,'CLIENTE');
/*!40000 ALTER TABLE `rol` ENABLE KEYS */;
UNLOCK TABLES;

--
-- Table structure for table `ticket`
--

DROP TABLE IF EXISTS `ticket`;
/*!40101 SET @saved_cs_client     = @@character_set_client */;
/*!40101 SET character_set_client = utf8 */;
CREATE TABLE `ticket` (
  `id` int(11) NOT NULL AUTO_INCREMENT,
  `fecha` timestamp NOT NULL DEFAULT current_timestamp(),
  `serie` varchar(100) NOT NULL,
  `asunto` varchar(300) NOT NULL,
  `mensaje` varchar(500) NOT NULL,
  `solucion` varchar(500) NOT NULL,
  `idUsuario` int(11) NOT NULL,
  `idDepartamento` int(11) NOT NULL,
  `idStatus` int(11) NOT NULL,
  `id_atiende` int(11) NOT NULL,
  `fecha_actualizacion` timestamp NULL DEFAULT current_timestamp() ON UPDATE current_timestamp(),
  `foto` varchar(256) DEFAULT NULL,
  `respuestafoto` varchar(256) DEFAULT NULL,
  PRIMARY KEY (`id`),
  UNIQUE KEY `serie` (`serie`),
  KEY `FK_TI` (`idUsuario`),
  KEY `DEPASTICKET` (`idDepartamento`),
  KEY `FK_TICKETESTATUS` (`idStatus`),
  KEY `FK_atiendes` (`id_atiende`),
  CONSTRAINT `DEPASTICKET` FOREIGN KEY (`idDepartamento`) REFERENCES `departamento` (`idDepartamento`) ON UPDATE NO ACTION,
  CONSTRAINT `FK_TI` FOREIGN KEY (`idUsuario`) REFERENCES `cliente` (`id_cliente`) ON UPDATE NO ACTION,
  CONSTRAINT `FK_TICKETESTATUS` FOREIGN KEY (`idStatus`) REFERENCES `estatus` (`idEstatus`) ON UPDATE NO ACTION,
  CONSTRAINT `FK_atiendes` FOREIGN KEY (`id_atiende`) REFERENCES `cliente` (`id_cliente`) ON UPDATE NO ACTION
) ENGINE=InnoDB AUTO_INCREMENT=368 DEFAULT CHARSET=utf8 COLLATE=utf8_general_ci;
/*!40101 SET character_set_client = @saved_cs_client */;

--
-- Dumping data for table `ticket`
--

LOCK TABLES `ticket` WRITE;
/*!40000 ALTER TABLE `ticket` DISABLE KEYS */;
INSERT INTO `ticket` VALUES (123,'2023-04-21 15:55:37','TK34N5','APOYO CON LICENCIA DE SOFTWARE','Tengo problemas con la licencia de Adobe PS. Me marca que está caducado y no me deja trabajar.\r\n\r\nGracias.','Vale en un momento eliminamos esa versión para instalar otra',29,2524,94576,31,'2023-04-21 17:18:39','Fotos/PROBLEMA LICENCIA PS.jpeg',NULL),(124,'2023-04-21 15:58:01','TK35N6','NO ME PERMITE IMPRIMIR A LA CANON G4010','Buen día.\r\n\r\nQuiero imprimir documentos a color y me arroja el mensaje de que la impresora NO está conectada, siendo que sí está prendida y otros compañeros Sí pueden imprimir.\r\n\r\nGracias.','Ok lo reviso',29,2524,94576,31,'2023-04-21 16:40:28','Fotos/error impresion.PNG',NULL),(125,'2023-04-21 19:10:10','TK32N3','unidad T-35 ','la unidad no posiciona se le llama y si regresa mensaje y ubicacion pero en la plataforma de alcomex no posiciona nada sigue en amarillo','SE VERIFICA INFORMACION DE CONFIGURACION DE GPS EN PLATAFORMA Y SE DETECTA IMEI ERRONEA; APOYO  BRINDADO POR JOSEPH SALDAÑA',64,2526,94576,31,'2023-04-21 23:15:30','Fotos/ff6c1f87-7164-4586-b08b-8ee15ca2e56c.jpg',NULL),(126,'2023-04-21 23:34:42','TK39N4','hasdl jc','dvb sdt','resolbido',71,2526,94576,31,'2023-04-21 23:35:44','Fotos/error.jp',NULL),(127,'2023-04-22 20:00:54','TK94N5','FALLA CORREO ','No carga correo cuando lo abro desde el buscador o aplicación y tambien fallas en recepción de correo a mis clientes.','Listo. Problema de contraseñas y versión de office',65,2526,94576,31,'2023-04-25 22:57:31','Fotos/error.jp',NULL),(128,'2023-04-24 15:55:37','TK95N6','camioneta Ct-19','buen dia equipo solicito de su apoyo para que la unida ct-19 no posiciona y carga hoy al medio dia gracias y buen dia.','Se revisa unidad, se envian comandos via telefonica y el dispositivo comienza a posicionar, se sospecha que la falla se debe a falta de bateria en la unidad.',64,2526,94576,31,'2023-04-27 17:29:31','Fotos/Captura de pantalla 2023-04-24 095509.png','Respuesta/error.jp'),(129,'2023-04-24 15:56:43','TK08N7','Facturas en mal estado','Las facturas presentan errores en el llenado.','Listo',76,2535,94576,67,'2023-04-24 23:51:40','Fotos/error.jp',NULL),(130,'2023-04-24 16:45:07','TK31N8','gps saveiro','buen día equipo solicito de su apoyo para la colocación del gps de la camioneta saveiro VW del Heriberto Alvarez quedo atento sobre este porceso buena tarde.','SE INSTALA Y CONFIGURA GPS CON PARO DE MOTOR A DISTANCIA CON IMEI 868166052418787 Y NIMERO SIM: 2212482408 PARA SAVEIRO ADMINISTRATIVA',64,2526,94576,31,'2023-04-24 17:28:03','Fotos/error.jp',NULL),(131,'2023-04-24 16:54:58','TK57N9','Correo electrónico ','No recibo correos, en automático mi correo rechaza los ingresos a bandeja','Resuelto doc, problema de contraseñas y versión de Office',74,2526,94576,31,'2023-04-25 22:56:15','Fotos/WhatsApp Image 2023-04-24 at 10.23.39 AM.jpeg',NULL),(132,'2023-04-24 17:43:41','TK84N10','Revision de Memoria.','La memoria la coloque en la cpiadora Brother, al momento de volver a abrirla en mi computadora me sale la siguiente imagen.','La memoria quedo inservible, se intento hacer reparación. Dado a las condiciones se toma la decisión de reemplazarla por otra memoria y se le hace importación de datos de la memoria vieja a la nueva ',69,2526,94576,1,'2023-05-25 17:01:53','Fotos/Captura de pantalla (8).png','respuesta/64519d294a9160.02933294.png'),(133,'2023-04-24 22:59:40','TK09N11','gps saveiro mariano','buena tarde equipo solicito de su apoyo para la colocacion del gps a la camioneta saveiro que esta asignada al señor mariano. quedo atento a cualquier comenmtario sobre la instalacion del equipo buena tarde.','Listo, gps instalado. Para cualquier situación el número que queda registrado es 868166052410958 y el número de teléfono  es 2223487962',64,2526,94576,1,'2023-04-24 23:50:02','Fotos/error.jp',NULL),(134,'2023-04-25 18:50:44','TK23N12','team wiber ','no restablece la coneccion de su apoyo por favor buena tarde. ','Listo, conexión restablecida',64,2526,94576,1,'2023-04-27 18:12:02','Fotos/Captura de pantalla 2023-04-24 095509.png','respuesta/error.jpg'),(135,'2023-04-25 18:55:15','TK32N13','ANYDESK',' NO PERMITE CONECTAR UN SERVIDOR ','Gracias por el aviso',75,2526,94576,1,'2023-04-25 19:08:39','Fotos/X.PNG',NULL),(136,'2023-04-25 19:59:50','TK44N14','Carpetas Compartidas','No puedo acceder a las carpetas compartidas','Se restablece la conexión de Switch para  las IP',59,2526,94576,1,'2023-04-25 20:02:14','Fotos/error.jp',NULL),(137,'2023-04-25 21:59:47','TK99N15','unidad T-19','pido de su apoyo para verificar los motivos por que la unidad t-19 no esta posicionando quedo atento al seguimiento de la unidad.','Ya esta posicionando, el motivo de que no posiciona es por que se encontraba en zona con baja cobertura',64,2526,94576,31,'2023-04-27 17:26:20','Fotos/Captura de pantalla 2023-04-25 155801.png',NULL),(138,'2023-04-26 12:50:48','TK40N16','plataforma','la mayoria de las unidades estan en amarillo','Ya quedó',75,2526,94576,1,'2023-04-26 15:37:12','Fotos/error.jp',NULL),(139,'2023-04-26 17:03:53','TK66N17','vídeo cámaras','solicito de su apoyo solo para poder  visualizar las camaras en el turno del monitorista josue gonzalez huerta, del dia 25 al 26 de abril de 2023.','se cita en el site para revisar camaras directamente del grabador',64,2526,94576,31,'2023-04-26 22:22:41','Fotos/error.jp',NULL),(140,'2023-04-26 17:51:03','TK61N18','instalacion de Whatsapp web.','no me permite abrir whatsapp, con el codigo  QR','Se hace actualizaciones de la app por playstore y se borra la memoria cache y comienza a funcionar normal.',72,2526,94576,1,'2023-04-26 18:21:18','Fotos/error.jp',NULL),(141,'2023-04-26 18:04:11','TK93N19','excel','no me permite hacer anotaciones, ni anexar comentarios en una celda en excel.','Para la solución se activa la licencia de office y se hacen actualizaciones para algunas opciones de excel como insertar comentarios',72,2526,94576,1,'2023-04-26 18:23:15','Fotos/error.jp',NULL),(142,'2023-04-26 18:06:14','TK63N20','Ruido en mi CPU','es incomodo , no deja de sonar y me estresa','Se detecta la falla y se realiza cambio de cooler y de case de disco duro, tambien se reajusta disco duro',72,2526,94576,31,'2023-04-26 19:45:53','Fotos/error.jp',NULL),(143,'2023-04-26 19:17:38','TK01N21','team wiber','pido de su apoyo ya que team wiber no podemos acceder para correr el server.\r\nquedo atento buena tarde.','Se revisa la condición de conectividad y se detecta la falla, se da soporte via anydesk, y se colocan como favoritos los accesos a server 1 y server 2',64,2526,94576,31,'2023-04-26 20:11:21','Fotos/Captura de pantalla 2023-04-26 131548.png',NULL),(144,'2023-04-26 23:26:09','TK56N22','IMPRESORA','ME PODRIAN A POYAR A ANEXAR LAS IMPRESONAS A LA COMPU, PARA PODER IMPRIMIR','Se agregaron impresoras canon G4010 y Brother',72,2526,94576,1,'2023-04-26 23:54:01','Fotos/error.jp',NULL),(145,'2023-04-27 16:12:42','TK87N23','instalacion de Whatsapp web.','NO ME PERMITE ABRIR APLICACION . ','Resuelto',72,2526,94576,1,'2023-04-27 18:18:29','Fotos/error.jp','respuesta/error.jpg'),(147,'2023-04-27 19:45:07','TK82N25','unidad R-21','pido de su apoyo para verificar que la unidad no esta posicionando en la plataforma de alcomex. Quedo atento de cualquier imformacion buena tarde.','Posiciona de manera normal',64,2526,94576,1,'2023-04-27 23:36:35','foto/Captura de pantalla 2023-04-27 134310.png',''),(148,'2023-04-27 20:08:35','TK64N26','INSTALACIÓN DE IMPRESORA ','Buen día Ing. \r\nMe apoyas instalando la impresora a la computadora del contador para que realice la impresión a color que necesita. \r\nGracias. ','Instalado va',59,2526,94576,1,'2023-04-27 20:50:49','','respuesta/Captura de pantalla 2023-04-27 141107.png'),(149,'2023-04-28 18:37:33','TK98N26','garrafones','Me pueden apoyar a subir dos garrafones de agua... uno, a cocina.. por favor','RESOLBIDO',72,2526,94576,31,'2023-04-28 18:43:49','',''),(150,'2023-04-29 16:44:32','TK76N27','Problemas con excel','No podía utilizar copiar y pegar ','SE REVISA ESTATUS DE LICENCIA OFFICE Y ESTABA VENCIDA; SE REACTIVA MEDIANTE KMSPICO',79,2526,94576,1,'2023-04-29 18:16:09','',''),(151,'2023-04-29 17:09:12','TK96N28','Acceso a carpeta','Se requiere el acceso a la carpeta de viajes \r\npor favor','SE ACTUALIZAN PERMISOS Y DIRECTIVAS DE CARPETA COMPARTIDA Y SE OTORGA ACCESO A CARPETA SOLICITADA',73,2526,94576,1,'2023-05-02 15:46:28','',''),(154,'2023-04-29 18:16:29','TK19N31','instalacion de Carpeta compartida','NO TENGO LA CARPETA DE ANDREA Y LA OCUPO PARA SUBIR LAS COMPROBACIONES DE GASOLINA\r\n','Resuelto, asignación de permisos a carpeta solicitada',72,2526,94576,1,'2023-04-29 19:26:31','','respuesta/Captura de pantalla 2023-04-29 132504.png'),(155,'2023-04-29 18:44:42','TK23N30','WHATSSAP','POR FAVOR NO SE ENVIA UN DOC. EN WHATSSAP WEB\r\n','Resuelto',72,2526,94576,1,'2023-04-29 19:19:21','',''),(156,'2023-05-02 17:25:46','TK88N31','facturas','Buen día, Ana. \nSolicito los folios de la transferencia, del fecha 21 DE MARZO, por un monto de $29,367.00. \nAdjunto tabla como referencia, para que no dupliquen los folios \n','',59,2538,94576,73,'2023-05-04 23:05:32','Fotos/EL REY .jpg',''),(157,'2023-05-02 17:29:04','TK63N32','facturas2','Buen día, Ana. \r\nSolicito los folios de la transferencia hecha el día 28/03/2023\r\npor: $27,487.50.  a MÁS QUE LITRO \r\nAdjunto imagen como referencia. ','',59,2538,94576,73,'2023-05-04 23:05:11','Fotos/MAS QUE LITRO .jpg',''),(158,'2023-05-02 17:33:05','TK46N33','CARPETAS','SE TRABO... ',' SE REVISA EXPLORADOR DE ARCHIVOS Y SE REINICIA, SE RESUELVE AL MOMENTO',72,2526,94576,31,'2023-05-02 19:21:27','','respuesta/Captura de pantalla 2023-05-02 132118.png'),(162,'2023-05-03 15:42:31','TK58N34','instalacion de Correo ','por favor me apoyan con la instalacion del Correo que tenia la compañera Laura, en la maquina que ocupo.','SE INSTALA Y CONFIGURA EN EL EQUIPO DE MIRIAM ESPINOZA LA CUENTA DE ANA.TREJO@ALCOMEX.MX',72,2526,94576,31,'2023-05-03 15:59:26','',''),(163,'2023-05-03 18:44:18','TK99N35','servidor 2','no nos deja anydesck ingrasar para correr el servidor 2 solicito de su apoyo gracias y buena tarde','Se restablece conexión a Internet vía anydesk y team viewer',64,2526,94576,31,'2023-05-03 18:49:33','','respuesta/6452acbd95f895.89083519.jpg'),(164,'2023-05-04 17:49:18','TK58N36','MANTENIMIENTO DE IMPRESORAS','TENGO DETALLE CON LA IMPRESORA DE COLOR, LAS IMPRESIONES NO SON CLARAS Y LAS COPIAS YA NO SE VEN BIEN AL IGUAL QUE LA IMPRESORA BROTHER. POR FAVOR.','Se revisa, estamos en espera de compra de consumibles',67,2526,94576,31,'2023-05-04 19:03:43','',''),(165,'2023-05-04 18:15:46','TK21N37','Impresora no imprime','Dejo de imprimir, solo me saco una sola impresion, pero ya al querer hacer mas ya no impimio la Brother','Resuelto, gracias por su reporte ',69,2526,94576,1,'2023-05-04 19:02:08','',''),(166,'2023-05-05 20:38:25','TK08N38','instacion de aplicacion','me apoyan a intalar una aplicacion en el movil para poder ver.. km de viajes. ','La plataforma no cuenta con una app móvil, pero se procede a instalar una extensión de la app-',72,2526,94576,1,'2023-05-05 21:38:13','',''),(167,'2023-05-06 16:47:19','TK51N39','unidad t28','DE SU APOYO YA QUE LA UNIDAD t-28 NO ESTA POSICIONANDO EN LA PLATAFORMA DE ALCOMEX, VALIDAR EL GPS DE LA UNIDAD QUEDO ATENTO DEL SEGUIMIENTO.',' SE REVISA UNIDAD EN PUNTO DE USO, SE DETECTA QUE NO CUENTA CON GPS INSTALADO AUNQUE HAY REGISTROS DE QUE SI SE LE COLOCÓ, SE HACE INSTALACION NUEVA, SE CONFIGURA Y COMPRUEBA PARO DE MOTOR, FUNCIONANDO AL 100',64,2526,94576,31,'2023-05-06 19:56:58','Fotos/64568497cc5b58.75407743.png',''),(168,'2023-05-08 18:14:19','TK43N40','instalacion de Carpeta compartida','por favor me apoyan con la carpeta de Andrea. La ocupo para sacar la utilidad de combustible','Se agrega carpeta compartida correctamente',72,2526,94576,1,'2023-05-09 20:19:52','','respuesta/645aaae86c6d89.24677616.png'),(169,'2023-05-08 19:43:04','TK20N41','unidad t43','pido de su apoyo para validar el gps de la unidad t43 para que posicione en la plataforma de alcomex quedo pendiente de cualquier informacion buena tarde.','Ya posiciona',64,2526,94576,31,'2023-05-09 20:14:25','Fotos/645950c807beb0.12740567.png','respuesta/645aa9a1e436f0.58078598.png'),(170,'2023-05-09 15:35:06','TK38N42','Equipo de computo ','Buen día, compañeros hago uso de este medio para solicitar de su apoyo a la revisión   de mi equipo de computo ya que el teclado del equipo esta fallando. ','En revisión, se da la conclusión de que se requiere  cambio de teclado fisico completo',80,2526,94576,1,'2023-05-09 16:26:20','',''),(171,'2023-05-09 16:16:18','TK72N43','verificacion del gps del permisionario esteban lozano sorian','el permisionario ya se encuentra en la soficinas para validar su gps ya que esta fallando pido de su apoyo para poder apoyar al permisionario esteban lozano soriano gracias quedo pendiente.','Gracias, se hizo cambio de GPS. Instalación de gps antiguo a nuevo',64,2526,94576,1,'2023-05-09 17:35:31','',''),(172,'2023-05-09 16:18:16','TK88N44','unidad t19','la unidad t-19 se encuentra en movimiento altura de chihuahua pero el gps no esta jalando pido de su apoyo para validar la inf. y verificar que esta pasanod con el gps gracias quedo atento.','T-19 está en corralón\r\n',64,2526,94576,31,'2023-07-18 23:47:08','Fotos/645a7248a88690.52667916.png','respuesta/645a8fc36c47c9.30694422.png'),(173,'2023-05-09 17:44:11','TK48N45','unidad t43','pido de su apoya para validar y verificar el posicionamiento del gps de la unidad T-43 ya que dejo de posicionar entra la llamada pero no regresa mensaje quedo pendiente de su estatus gracias.','Ya posiciona, estaba en un lugar con baja cobertura. Por eso la razon de dejar de mandar señal, su ubicación es la siguiente : \r\n22.2928758333333,-100.919696833333\r\n',64,2526,94576,1,'2023-05-09 20:23:04','Fotos/645a866b024785.63638307.png','respuesta/645aaba8736980.81535529.png'),(174,'2023-05-09 18:48:13','TK25N46','unidad T19','la unida continua avanzando se encuentra altura de jimenez chihuahua sigue avanzando y el gps no posiciona favor de su apoyo gracias.','En corralón',64,2526,94576,1,'2023-07-18 23:47:27','Fotos/645a956d74bc42.62162540.png',''),(175,'2023-05-09 18:58:17','TK29N47','REALIZAR MINUTA DE ENTREGA DE EQUIPO ','Su apoyo para realizar la minuta de entrega de equipo celular a la nueva compañera KARLA FLORES CONDE.','Entregada y firmada',29,2526,94576,1,'2023-05-09 20:01:57','','respuesta/645aa6b54bcb30.32115746.jpg'),(176,'2023-05-09 21:58:10','TK58N48','esteban soriano','pido de su apoyo para ponerse en contacto con el op y esteban soriano ya que su dispositivo gps esta apagado por favor de estar en contacto para poder llegar a repararlo junto al op gracias y quedo atento al seguimiento. Gracias.\r\n','Ok',64,2526,94576,31,'2023-05-09 22:29:00','Fotos/645ac1f2b2bb51.43619507.png',''),(177,'2023-05-09 23:06:48','TK17N49','Impresora','No deja imprimir sale error 5005','Resuelto, la impresora tenia hojas atoradas. El error mostrado era el siguiente',73,2526,94576,1,'2023-05-09 23:12:06','','respuesta/645ad346181fa8.39905992.png'),(178,'2023-05-09 23:57:51','TK04N50','No podía acceder a la maquina ','Problema de la contraseña ','SE RESTAURA SESIÓN YA QUE EL EQUIPO SE SALIÓ DEL DOMINIO, SE VUELVE A CREAR EL PERFIL VIRTUALEN CONJUNTO CON EL RESPALDO DE CORREO Y DOCUMENTACION LA CONTRASEÑA NUEVA ES: Alcom3x23',81,2526,94576,31,'2023-05-10 00:02:25','',''),(180,'2023-05-10 17:25:42','TK09N51','Respaldo ejercicio 2021 COnstructora y Pavimentadora Alcomex','Hacer la instalación del respaldo del ejercicio 2021 en el sistema COI (contabilidad) \r\n','Se restaura el backup que se solicita, a la espera de instrucciones a la espera de restaurar el backup del ejercicio fiscal 2022',66,2526,94576,31,'2023-05-11 15:31:33','','respuesta/645be80f5e3949.99159268.png'),(181,'2023-05-10 18:52:44','TK08N52','Números de GPS','Solicito apoyo, para números telefónicos de GPS ','les envió el formato vía whatssap con el actualizado de los números de los gps de las unidades que cuentan con rastreo satelital de alcomex.',1,2534,94576,64,'2023-05-10 18:59:44','','respuesta/645be9a0640a75.11203350.png'),(182,'2023-05-10 19:06:02','TK20N53','unidad T19','pido de su apoyo que en cuanto arribe la unidad t-19 del op oscar daniel fuentes calderon ya que el gps dejo de posicionar el dia 9 de mayo de 2023 a las 1:57 am quedo atento al siguimiento gracias y buen dia.','Se le está dando seguimiento, la cobertura en la geolocalización 30.3856808333333,-107.886365166667 en red 2G, es mínima.Por lo que queda esperar a que entre a zona donde Telcel tenga una zona garantizada. Se anexa el link de la plataforma y de la imagen del lugar excacto en donde dejo de posicionar:\r\n https://www.telcel.com/mundo_telcel/quienes-somos/corporativo/mapas-cobertura',64,2526,94576,1,'2023-05-11 15:32:11','','respuesta/645beea44958a1.14566235.png'),(183,'2023-05-10 19:38:29','TK51N54','equipo de computo','pido de su apoyo para haver cambio de contraseña a mi equipo de computo para saber si alguien mas esta ingresando a mi maquina gracias quedo atento.','Buen dia, lo cambie a: AlcomexJS',64,2526,94576,31,'2023-05-10 19:43:34','',''),(184,'2023-05-11 15:57:05','TK28N55','Solicito lapicero','Quiero un lapicero o lapiiz','',1,2539,94576,68,'2023-05-12 16:56:22','',''),(185,'2023-05-11 16:59:31','TK83N56','servidor','pido de su apoyo ya que el servidor 2 no es corriendo quedo atento al seguimiento para que el servidor corra correctamente gracias.','Se procede a hacer reinicio de modem y equipo',64,2526,94576,31,'2023-05-11 17:16:37','',''),(186,'2023-05-11 17:19:22','TK53N57','Instalación repaldo 2022 Constructora y Pavimentadora ','Realizar el respaldo del ejercicio 2022 del sistema COI de Constructora Y Pavimentadora Alcomex','Se realiza de forma correcta el respaldo de los datos solicitados. Gracias por su reporte.',66,2526,94576,1,'2023-05-11 17:23:57','','respuesta/645d24adf1f005.16971813.png'),(187,'2023-05-11 17:40:21','TK21N58','REGISTRO BIOMETRICO','Su apoyo para compartirme el registro Biométrico GENERAL de la semana pasada y de esta semana xfa , gracias.','Se realiza envío de petición por medio de Whatsapp',29,2526,94576,31,'2023-05-11 17:49:18','','respuesta/645d2a9eafdb35.87990597.png'),(188,'2023-05-11 18:06:23','TK07N59','PAGINA','Buen día. \r\nMe puedes ayudar. No puedo entrar a la página de SAT y necesito me urgeeeeeeeeeeeeeeeeeeeeeeeeeeeeeeeeeeeeeeeeeeee. Por fi gracias \r\nLindo día. ','Se procede a hacer configuración del explorador Microsoft Edge en compatibilidad a la opción permitir. Se intenta desactivando el proxy, tarjeta de red y no dió resultado para posibles situaciones similares',59,2526,94576,31,'2023-05-11 19:06:11','Fotos/645d2e9faa0838.69446320.jpeg','respuesta/645d3ca390d642.79953809.jpg'),(189,'2023-05-11 22:10:36','TK45N60','APOYO COM INFORMACION','Se presentan problemas con el manejo de unidad utilitaria del área de operaciones, se solicita apoyo para localizar al responsable en su domicilio','Se brinda información solicitada mediante Whatsapp  Google Maps.',31,2524,94576,29,'2023-05-11 22:31:49','',''),(190,'2023-05-12 02:53:56','TK27N61','Paqueteria de office.. word','Queria escribir en una hoja en blanco asi como en un archivo reciente (formato de bitacora) y no me deja ingresar contenido ni letras, ni numeros ni color nada de nada.\r\nnota: el excel funciona bien ','Se restablece equipo de computo',70,2526,94576,1,'2023-05-13 16:38:26','',''),(191,'2023-05-12 15:39:22','TK43N62','No Internet','Buen día Ingeniero.\r\nNo tengo internet, me pueden apoyar con eso por favor. \r\nGracias. ','se resuelve',59,2526,94576,31,'2023-05-12 16:10:39','',''),(192,'2023-05-12 16:25:40','TK80N63','Firma ','Buen día. \r\nMe pueden ayudar a colocar una firma en un documento. \r\nGracias','Se procede a escanear firma, convertirla a un archivo svg y luego png. Se envia en formato .RAR',59,2526,94576,1,'2023-05-12 16:47:27','','respuesta/645e6d9f6572f0.24495906.png'),(193,'2023-05-12 18:14:46','TK09N64','Carpetas Compartidas','Buen día, no  tengo acceso a las carpetas compartidas. \r\nMe pueden ayudar. \r\nGracias.','Se revisa y se configura cable de red en equipo',59,2526,94576,31,'2023-05-13 16:37:13','',''),(194,'2023-05-12 18:58:18','TK03N65','Acceso a portal SAT','No se puede ingresar a portal SAT a pesar de ingresar datos correctos.','La e.firma no coincidía, se solicita y copia e.firma en equipo de computo de Jessica a carpeta compartida de Alejandra. La acción dio como respuesta el acceso al sitio',71,2526,94576,1,'2023-05-13 16:41:23','',''),(195,'2023-05-12 18:59:24','TK76N66','No logro imprimir','Buenas tardes, no puedo imprimir un documento en la brioher','Se reinstala el driver de la impresora y se reinicia, por lo que vuelve a imprimir',69,2526,94576,1,'2023-05-13 16:40:04','',''),(197,'2023-05-15 15:33:38','TK32N67','unidad t28','pido se su apoyo ya que la unidad T28 dejo de posicionar el tema esta que cuando le marcas al gps si regresa posicion pero en la plataforma no esta posicionando quedo atento de cualquier comentario al seguimiento gracias.','Tema de saldo, se revisa el pan tarifario. Se hace el cambio de plan, sin embargo el cambio de plan será aplicado a partir de la siguiente recarga.',64,2526,94576,31,'2023-05-15 16:54:04','',''),(198,'2023-05-15 19:29:20','TK74N68','unidad t39','pido de su apoyo para el gps de la unidad ya que en plataforma dejo de posicionar desde las 11:07 am quedo pendiente del seguimiento. buena tarde.','la unidad estaba en una ubicacion que impedia la conexion via 2 g',64,2526,94576,1,'2023-05-15 23:12:12','Fotos/64628810150439.28663526.png',''),(199,'2023-05-15 20:49:33','TK56N69','ANYDESK','SIN CONEXION AL SERV 2','se revisa y resuelve',75,2526,94576,1,'2023-05-15 23:11:35','Fotos/64629addb2c438.21904481.PNG',''),(200,'2023-05-15 21:27:12','TK00N70','servidro 2 ','pido de su apoyo para ´poder areglar el servidor dos en anydesck no nos permite el acceso quedo atento.','Solucionado',64,2526,94576,1,'2023-05-15 22:24:55','',''),(201,'2023-05-16 16:17:12','TK73N71','pantalla de monitoreo','pido de su apoyo para pasar al área de monitoreo para checar la pantalla del equipo de computo que no enciendo quedo pendiente por parte del seguimiento buen dia.','Cable desconectado y resolución de pantalla',64,2526,94576,31,'2023-05-16 16:58:25','','respuesta/6463b63111fa42.88099017.jpg'),(202,'2023-05-16 17:08:54','TK34N72','Impresora','Buen día. \r\nMe pueden ayudar a revisar la configuración de la impresora, para poder imprimir unas pólizas. \r\nGracias....','se revisa la situacion y se detecta cambio de rutas en la impresora de destino, se configura la ruta requerida y se resuelve',59,2526,94576,31,'2023-05-16 17:10:21','',''),(203,'2023-05-17 04:36:08','TK85N73','Servidor 1-2','dejan de dar servicio los dos servidores y no logro restablecer la conexion ','Se restablecen conexiones',82,2526,94576,1,'2023-05-17 15:12:09','',''),(204,'2023-05-17 19:48:11','TK12N74','Impresora','Buen día. \r\nMe apoyan con la impresora, tiene una leyenda \"recibiendo datos\", y no imprime. \r\n','Resuelto',59,2526,94576,31,'2023-05-17 19:51:15','',''),(205,'2023-05-17 19:49:33','TK09N75','Control de Gasolina','Buen día Karen. \r\nOye me apoyas por favor con tu control de gasolina por favor. \r\n','Listo ',59,2538,94576,73,'2023-05-18 15:15:55','',''),(206,'2023-05-17 20:05:07','TK56N76','servidor 2','pido de su apoyo ya que el servidro 2 ya que no nospermite el exceso al mismo quedo atento al seguimiento.','Listo, conexion restablecida',64,2526,94576,31,'2023-05-17 20:08:21','',''),(207,'2023-05-17 22:26:11','TK93N77','Cancelar factura 140084','Buen día Karen, solicito por favor te comuniques con el proveedor \"SERVICIOS EXPRESS GUPA\". \r\nY solicites la cancelación CON RELACIÓN de la factura 140084.  Debido a que esta con forma de pago 29. TAJETA DE SERVICIOS.\r\nY esta fue pagada bajo transferencia, por tal motivo, solicito que la vuelvan a facturar pero bajo la forma de pago 03. TRANSFERENCIA ELECTRÓNICA DE FONDOS. \r\n','Resolvido',59,2538,94576,73,'2023-05-18 15:16:31','Fotos/64655483ace3c1.98996642.jpg',''),(208,'2023-05-17 23:12:35','TK82N78','Facturas pendientes de identificar','Buen día Karen, te envío los pendientes que tengo. \r\nDentro del cuadro como puedes observar, no tengo facturas que amparen el comprobante. \r\nMe apoyas identificando las facturas que amparan el comprobante. \r\nGracias. ','',59,2538,94576,73,'2023-05-20 21:36:21','Fotos/64655f631260e0.64285472.jpg',''),(209,'2023-05-19 22:47:32','TK15N79','Revisión de correo electrónico','No llegan todos los correos a mi bandeja de entrada.','Resuelto. Analizando la información se detecta que el correo estaba mal escrito. Gracias por su reporte',71,2526,94576,31,'2023-05-22 15:33:26','',''),(211,'2023-05-20 05:49:42','TK02N80','plataforma','UNIDAD DE DON JESUS ALVAREZ CANO ...DEJO DE POSICIONAR  A LAS 9:36 ME APOYAS DE FAVOR...COMENTA OPERADOR QUE EL DIA DE AYER APENAS LE ARREGLARON EL GPS.PERO NO ME POSICIONA','El dia lunes se hizo mantenimiento a GPS, se habló con don Jesus Alvarez y el GPS ya posiciona de manera normal',82,2526,94576,1,'2023-06-01 16:36:16','','respuesta/6478c900e28471.08766627.jpg'),(212,'2023-05-20 15:26:40','TK88N81','jesus alvarez cano','pido de su apoyo para validar el gps del senñor jesus alvarez cano ya que dejo de posicionar a las 9:36 pm del dia de ayer ya le marque pero no entra la llamada.\r\nquedo atendo al seguimiento garcias.\r\n','El día  lunes 30 de Mayo del año en curso se hizo mantenimiento a GPS, se habló con don Jesús Alvarez y el GPS ya posiciona de manera normal',64,2526,94576,1,'2023-06-01 16:38:58','','respuesta/6478c9a2e5fe53.54198617.png'),(213,'2023-05-22 18:06:25','TK14N82','Facturas pendientes de identificar','Buen día Karen. \r\nSolicito información con referente a las facturas que se pagaron de la transferencia que se hizo el día 04/04/2023 por un monto de $14,748.50\r\nEn la relación que ya me habías mandado me diste los folios: 70401 y 70400. \r\nPero estos mismos folios los estas colocando en otra transferencia el mismo día 04/04/2023 por: 58,994.00. \r\nEntonces no se a que transferencia te pertenece esos folio. \r\nMe apoyas con eso por favor. ','',59,2538,94576,73,'2023-05-25 17:29:27','Fotos/646baf213f4c70.27280499.jpeg',''),(214,'2023-05-22 18:18:20','TK79N83','Cancelar factura','Solicito por favor la cancelación de la factura del proveedor \"COMBUSTIBLES EL REY\", debido a que en la forma de pago esta mal, tendrá que llevar 03. TRANSFERENCIA ELECTRÓNICA DE FONDOS. \r\nFOLIO FISCAL: 4aa4d0ed-a911-4989-a8d5-0fede5e1ed5f\r\nFOLIO INTERNO: 70530\r\nMONTO DE LA FACTURA:  $ 9,116.00 \r\n','',59,2538,94576,73,'2023-05-25 17:29:36','',''),(215,'2023-05-22 19:32:20','TK90N84','PLACA DE PARED','Su apoyo para el Reestablecimiento de señal  Ethernet en la placa de pared.\r\n\r\nGracias.','Resuelto gracias por su reporte',29,2526,94576,31,'2023-05-22 22:24:09','Fotos/646bc3447cb4b3.31724040.jpg',''),(216,'2023-05-22 22:08:41','TK94N85','PLACA DE PARED','Su apoyo para el Reestablecimiento de señal  Ethernet en la placa de pared.\r\n\r\nGracias.','Se detecta falla en placa de pared, necesario  el cambio de roseta. En espera de disposición',29,2526,94575,1,'2023-05-22 22:42:34','Fotos/646be7e98abf69.52604203.jpg',''),(226,'2023-05-23 19:45:42','TK88N86','nissan 1 morena','pido de su apoyo para verificar el gps de la camioneta nissan 1 morena con numero de gps 2225139352 ya que desde que llego a la ubicacion ultima señalada por la plataforma de rastreo dejo de posicionar el dia 20 de mayo de 2023.','Ya posiciona',64,2526,94576,31,'2023-05-24 19:41:56','Fotos/646d17e63e7ef1.56745685.png','respuesta/646e6884bb9023.85225781.png'),(227,'2023-05-23 21:37:43','TK36N87','plataforma','no me da ubicacion el t47 me apoyas ultima posicion 3:09','Ya posiciona. 5/23/2023 4:03:41 PM	ultima posición ',82,2526,94576,31,'2023-05-23 22:06:41','','respuesta/646d38f15ebec0.97606002.png'),(228,'2023-05-23 23:09:47','TK66N88','Descarga de Adobe Acrobat','Buen día. \r\nMe apoyan descargando en la compu Adobe Acrobat','Se instala acrobat',59,2526,94576,1,'2023-05-23 23:56:53','',''),(229,'2023-05-23 23:13:21','TK05N89','equipo de computo monitoreo','pido de su apoyo para checar el equipo de computo del area de monitoreo ya que prendio el equi´po pero salen otras caracteristicas por favor quedo aento al seguimiento.\r\n','Se corrige system but manager para arrancar desde disco duro',64,2526,94576,31,'2023-05-23 23:57:58','',''),(230,'2023-05-24 19:31:06','TK75N90','nissan morena 1','pido de su apoyo ya que la unidad nissan morena 1 no esta dando ubicacion correctamente quedo atento del seguimiento de la misma buen dia gracias.','Se configura comandos y la unidad ya posiciona',64,2526,94576,1,'2023-05-24 19:41:03','Fotos/646e65fa5523a4.62314530.jpg','respuesta/646e684ff2a129.53938712.png'),(231,'2023-05-24 19:45:23','TK35N91','nissan morena 1','la unidad si posiciona pero al abrir el link de posicionamiento en maps manda esto...?','Es puente de faraday, en espera de cambio de lugar de la unidad para que ya posicione de manera normal\r\n\r\nActualización 25/05/2023 10:34  :  Ya posiciona de manera normal 19.014659,-98.1932716666667',64,2526,94576,1,'2023-05-25 16:35:05','Fotos/646e6953a0da03.70069172.png',''),(232,'2023-05-25 15:28:44','TK37N92','camioneta de taller Hilux','pido de su apoyo ya que la camioneta de taller dejo de posiciona r el dia de a ayer a las 10 am se le hace llamada al gps y si entra, pero no regresa posición cuenta con saldo lleva solo 15 dias desde la ultima recarga de salgo al cuip numero de gps:2214191990 que pendinete del seguimiento del dispositivo.  ','SE SOLICITA APOYO PARA RECARGA, AL REALIZARSE, EL VEHICULO POSICIONA.',64,2526,94576,31,'2023-05-25 19:21:42','Fotos/646f7eac21dae2.81849010.png',''),(234,'2023-05-25 19:19:25','TK94N93','SIN ACCESO A IMPRESORAS URGENTE','NO HAY CONEXION A NINGUNA IMPRESORA','Se procede a instalar impresoras a tu equipo. Gracias por su reporte',71,2526,94576,1,'2023-05-25 19:35:38','',''),(235,'2023-05-26 17:42:48','TK49N94','lenea fija de monitoreo','pido de su apoyo para conectar el telefono fijo de monioreo para que cuando marquen al comutador eligan linea 4 la cual corresponde a monitoreo para que puedan contestar la llamada quedo atento al siguimiento del mismo gracias.',' ',64,2526,94575,31,'2023-06-14 23:29:49','',''),(236,'2023-05-26 23:31:03','TK01N95','IMPRESORA TAMBOR','Buen día. \r\nIngeniero, me apoyas con el tambor de la impresora. \r\nPor favor, gracias. ','SOLUCIONADO',59,2526,94576,31,'2023-05-26 23:45:36','',''),(237,'2023-05-26 23:32:14','TK58N96','Ayuda para imprimir ','Buen día, \r\nIngeniero, me apoyas por favor a realizar las impresiones masivas de los recibos. \r\nPor favor, gracias. ','SENVERIFICA FUNCION DE IMPRESORA: SE DETECTA PROBLEMA EN TAMBOR; SE CORRIGE AL MOMENTO',59,2526,94576,31,'2023-05-26 23:45:03','',''),(238,'2023-05-26 23:34:31','TK84N97','Instalación del pizarrón','Buen día. \r\nIngeniero, me apoyas a instalar el pizarrón. \r\nPor favor, gracias. ','RESOLBIDO',59,2526,94576,31,'2023-05-26 23:44:15','',''),(239,'2023-05-27 01:44:01','TK62N98','plataforma','me apoyas no me da posicion la unida 34...por favor','El vehículo posiciona',82,2526,94576,1,'2023-05-29 14:50:39','',''),(240,'2023-05-27 16:23:10','TK54N99','Sin red en equipo y Any Desk ','No cuenta con red en equipo y instalación   de Any Desk.','Se restablece red y se hace instalación de anydesk',80,2526,94576,31,'2023-05-27 17:07:45','',''),(241,'2023-05-27 16:30:59','TK30N100','unidad T-34','pido de su apoyo para checar la unidad t-34 por tema del gps que no esta posicionando le marque al op para comentarle que trajera el tracto a las oficinas asi que en cuento arribe la unidad a b1 solicito por favor de checar el dispositivo gps de la misma para ver si no hay manipulacion o presente otra algfun otro tema quedo pendiente del seguimiento gracias.\r\n','Se detecta manipulación en el GPS, se corrige manipulación de desenchufe de cables y la unidad ya posiciona',64,2526,94576,31,'2023-05-27 18:43:29','','respuesta/64724f51735b67.62960070.jpg'),(242,'2023-05-29 16:32:31','TK95N101','Control de gasolina ','Buen día Karen, solicito tu control de gasolina por favor. \r\nGracias, que tengas un bonito día. \r\n',':( nuuuuuuuuuuuuuuu',59,2538,94576,73,'2023-06-01 16:44:24','',''),(243,'2023-05-29 16:35:15','TK88N102','Portal Carvajal','Apoyo con antena, para poder ingresar a portal convermex','Resuelto, gracias por su reporte. Para futuras desconfiguraciones la contraseña de la red alcomex_R1 es : @lc02190mex',71,2526,94576,1,'2023-05-29 17:13:00','',''),(245,'2023-05-29 19:35:19','TK33N103','REGULADOR PARA MI COMPU PLOX','Me pueden ayudar con un regulador para mi compu, porque está conectada a la extension y se apaga el monitor cada vez que mandan a imprimir, para evitar daños a mi compu, plis','Se instala regulador',68,2526,94576,31,'2023-05-29 19:57:58','','respuesta/647503c63159d8.61852492.jpg'),(247,'2023-05-30 19:19:25','TK53N104','INFORMACION DE PROGRAMACION DE VIAJES ','Buen día Gibran  te comparto la info solicitada , dame oportunidad de subirla a la plataforma y te confirmo por favor \r\n\r\nsaludos ','fin',84,2526,94576,1,'2023-06-12 14:49:39','Fotos/64764c3d5e60c5.94468936.jpeg',''),(248,'2023-05-31 00:04:09','TK70N105','CREACIÓN DE CORREO INSTITUCIONAL','Buena tarde.\r\n\r\nSolicito su valioso apoyo para la creación de una cuenta de correo electrónico institucional.\r\n\r\nrhumanos@alcomex.mx\r\n\r\nGracias.','Ok, su correo es rhumanos@alcomex.mx\r\nSe configura el correo en aplicaciones de microsoft del dispositivo+',29,2526,94576,31,'2023-05-31 22:50:50','',''),(249,'2023-06-01 15:43:53','TK35N106','INFORMACION DE PROGRAMACION DE VIAJES ','Wenos dias Inge te comparto las cargas del dia de hoy ya estan en la plataforma Alcomex \r\n\r\nSaludos','Resuelto',84,2526,94576,1,'2023-06-12 14:49:22','Fotos/6478bcb977bc27.89118600.png',''),(251,'2023-06-01 16:50:22','TK96N107','solicitud de acceso directo a los ticket','Petición sobre notificación de apertura nueva de ticket, sobre el mismo correo de alerta que cree la re-dirección para observar el ticket de recepción, para un acceso directo por medio de la URL de la plataforma.','Ok se toma en cuenta tu petición, gracias por tu reporte',73,2526,94576,1,'2023-07-18 23:47:39','',''),(252,'2023-06-02 19:38:49','TK49N108','Sin conexión a red ','Buen dia, compañero me podrías apoyar en restablecer conexión de red en mi equipo ','Resuelto, se restablece la conexión vía WIFI',80,2526,94576,1,'2023-06-02 22:13:54','',''),(253,'2023-06-03 00:18:06','TK43N109','servidor 2','pido de su apoyo ya que no tenemos acceso al servidor dos y las unidades estan dejando de posicionar quedo pendiente del seguimiento.','Se revisa conexión de cable',64,2526,94576,31,'2023-06-03 16:04:33','',''),(254,'2023-06-03 16:02:24','TK45N110','servidor 2','pido de su apoyo ya que el servidor 2 no responde quedo atento del segumimiento.','Resuelto',64,2526,94576,31,'2023-06-03 16:04:08','',''),(255,'2023-06-05 15:22:18','TK12N111','IMPRESORA TAMBOR','Buen día. \r\nMe apoyas con la impresora, le sale una leyenda con referente al tambor. ','resuelto, ser da mantenimiento a la impresora 5500',59,2526,94576,1,'2023-06-07 18:31:43','',''),(256,'2023-06-05 15:23:15','TK37N112','IMPRESIONES','Hola, buen día.\r\nIngeniero: \r\nMe apoyas imprimiendo los documentos. \r\nPor favor, gracias. ','Listo, se atiende peticion',59,2526,94576,1,'2023-06-07 18:31:13','',''),(257,'2023-06-05 15:50:10','TK93N113','Control de Gasolina','Hola Karen buen día. \r\nMe compartes tu control de gasolina, por favor. \r\nGracias. \r\n','.',59,2538,94576,73,'2023-07-18 23:28:52','',''),(258,'2023-06-05 15:51:59','TK71N114','No se puede acceder al correo','No se puede acceder al correo, se abrio ventana  y unicamente estaba cargando','SE DETECTA FALLO EN LA APLICACION BETA DE OUTLOOK Y SE OPTA POR REESTABLECER LA VERSION ANTERIOR',65,2526,94576,1,'2023-06-06 16:56:59','',''),(259,'2023-06-05 18:09:12','TK90N115','FALLA DE INTERNET NO CARGAN LAS PAGINAS','INTENTO DESCARGAR DOCUEMNTOS PDF O EXCEL Y NO SE DESCARGAN ASI COMO TAMPOCO CARGA LA PAGINA PARA WATSSAP ','LA VELOCIDAD DE LA RED SE REESTABLECE PERMITIENDO LA REALIZACION DE LAS ACTIVIDADES MENCIONADAS',67,2526,94576,1,'2023-06-06 15:44:28','',''),(260,'2023-06-06 16:55:42','TK60N116','remolque 72 y 37','buen dia equipo pido de su apoyo para validar que los remolques que estan en renta que cuenta gps posicionen en la plataforma gracias y buen dia.','Para que los dispositivos funcionen es necesario que los vehiculos esten en movimiento',64,2526,94576,31,'2023-07-18 23:41:37','Fotos/647f650e213374.46289728.png',''),(261,'2023-06-07 15:42:27','TK38N117','Apoyo de correo empresarial','Buenos dias Equipo me apoyan con mi correo, ya que quiero que todas las notificaciones llegen a una carpeta que se llame Notificaciones de alcomex y no que llegen a mi bandeja de entrada junto con los demas correos por favor','Buen día, se configura regla en correo electrónico para que los correos seleccionados se direccionen a la carpeta personalizada que el usuario seleccionó',69,2526,94576,31,'2023-06-07 15:56:36','',''),(262,'2023-06-07 18:07:15','TK61N118','Internet','Buen día. \r\nIngeniero, me apoyas con el internet. \r\nGracias.\r\n','Se da mantenimiento a la red',59,2526,94576,31,'2023-06-07 18:30:47','',''),(263,'2023-06-07 19:12:18','TK40N119','SIN CONEXIÓN A IMPRESORA ','Buena tarde compañeros, \r\nMe podrían apoyar con la conexión de impresora de color.\r\npor favor.','Se procede a instalar drivers de nuevo y impresora. En espera de Switch para conexión por cable Ehternet',80,2526,94576,1,'2023-06-07 19:34:47','',''),(264,'2023-06-08 22:17:45','TK67N120','servidor 2','PIDO DE SU APOYO YA QUE NO PODEMOS ACCEDER AL SERVIDOR 2 PARA CORRER EL SIVER QUEDO ATENTO AL SEGUIMIENTO GRACIAS.\r\n','Listo, mi estimado. Se restablece la conexión a Internet',64,2526,94576,1,'2023-06-08 22:26:06','',''),(265,'2023-06-10 16:05:19','TK01N121','unidad t-40','pido de su apoyo para realizar la colocacion del gps de la unidad t-40 ya que esta lista en taller para que le asignen op quedo pendiete al seguimiento.\r\n','Se coloca GPS RED 4G al tracto mencionado, se comenta esto para acudir a tu apoyo de verificar que en las zonas de baja cobertura 2G si tenga alcance este dispositivo',64,2526,94576,31,'2023-06-10 18:37:40','',''),(266,'2023-06-12 18:17:39','TK22N122','Servidor 1','NO TIENE CONEXION','Resuelto, procedemos a reinstalar anydesk',75,2526,94576,31,'2023-06-12 23:58:31','Fotos/64876143e82cb8.11909883.PNG',''),(267,'2023-06-12 18:53:01','TK89N123','PROBLEMA CON LA IMPRESORA','Holis me pueden ayudar no me permite escanera  mis documentos ni utilizando memoria usb ni enviando el pdf por direccion de correo. por fis','La impresora se reconfigura para que el tamaño de los archivos sea más pequeño y los PPI se configuran de 600 a 300',67,2526,94576,1,'2023-06-14 23:25:33','',''),(268,'2023-06-12 19:25:25','TK10N124','servidor 1','pido de su apoyo ya que elservidor 1 no podemos acceder y las unidades dejan de posicionar quedo pendientes buenas tardes equipo.\r\n','Resuelto, se cayó la red de anydesk',64,2526,94576,1,'2023-06-13 00:00:04','',''),(269,'2023-06-12 23:53:46','TK06N125','IMPRESORA','solicito su apoyo por que no puedo imprimir. graciassss :(','Tráfico de red. Se quita y se vuelve a añadir impresora',72,2526,94576,1,'2023-06-12 23:59:38','',''),(270,'2023-06-13 16:26:05','TK38N126','Limitacion en el espacio scaneado de una hoja completa','La impresora Brother en la funcion de scanner no realiza la funcion de scaner a una hora tamaño carta, lo hace en tamaño como de una tarjeta, Me pueden apoyar por favor en que escanee las hojas completas, Gracias','La impresora ya no escanea por USB, está teniendo ese falló en especifico. Favor de escanear por correo o google drive, sí el tamaño de hojas es demasiado use google drive y si es chico por correo. Hace unos momentos se dió seguimiento a su Ticket, ya puede escanear, en caso de que vuelva a presentar problemas no dude en comunicarlo. Gracias',69,2526,94576,1,'2023-06-13 17:18:34','',''),(271,'2023-06-13 16:41:31','TK27N127','INFORMACION DE PROGRAMACION DE VIAJES ','sale bai , ni te topo we ','Contigo ni me llevo ',84,2526,94576,31,'2023-06-13 17:00:47','Fotos/64889c3b6ab030.44714716.png',''),(272,'2023-06-13 22:08:10','TK97N128','DUDA','Su apoyo para conocer por qué no me permite entrar al dominio www.alcomex.mx desde mi equipo asignado. \r\n\r\nGracias','Hola.\r\nEn la siguiente oportunidad, me das espacio para poder verificar que tu equipo aún se encuentre dentro del dominio por favor',29,2526,94576,31,'2023-07-18 23:45:07','',''),(273,'2023-06-14 01:07:19','TK45N129','ANYDESK','el servidor 2 no  me accede para correrlo,no me permite correrlo','Se corrige problema de cable',70,2526,94576,31,'2023-06-14 23:24:38','',''),(274,'2023-06-14 23:53:37','TK37N130','Mantenimiento servidor','Hola, favor de revisar servidor 2, no me deja acceder','RESOLBIDO',1,2526,94576,31,'2023-06-14 23:58:44','',''),(276,'2023-06-15 15:15:44','TK46N131','VERIFICAR CAMARAS B3','Se reporta fallo de cámara en ala \"Cisterna\" de la unidad de negocio B3, se precisa urgente su revisión /  reemplazo','Se coloca cámara en nueva posición que permite el monitoreo del área señalada, en espera de indicaciones para poder acceder a la cámara reportada para poder hacer el respectivo mantenimiento correctivo',31,2526,94576,31,'2023-07-18 23:45:35','','respuesta/648b2c649e8f08.72801824.jpeg'),(277,'2023-06-15 15:22:45','TK03N132','REVISION DE IMPRESORAS','Se reporta incidentes en el proceso de escaneo de documentos, el procedimiento es muy lento','Se cambia la definición de pixeles por pulgada',31,2526,94576,1,'2023-06-20 22:16:03','',''),(278,'2023-06-15 15:29:13','TK44N133','SEGUIMIENTO A CREACION DE MODULO DE ALMACEN','Se realiza levantamiento de criterios para creacion de software aplicado a la administracion de entradas y salidas de almacén de taller B2 / B3, entrega de avances','Desarrollo en proceso',31,2526,94576,1,'2023-06-26 17:01:20','',''),(279,'2023-06-15 17:43:59','TK98N134','PERMISIONARIO ELIAS RODRIGUEZ','SR ELIAS RODRIGUEZ SOLICITA SE CAMBIE LA CONTRASEÑA DE SU RASTREO','Listo, se cambió contraseña. Gracias por su reporte',70,2526,94576,31,'2023-06-15 18:47:35','',''),(280,'2023-06-15 19:10:50','TK47N135','LINEA TELEFONICA','NO ENTRAN NI SALEN LLAMADAS','Se revisa telefono y se reconfigura la memoria caché para que la funcion de llamadas realice sus actividades con normalidad, \r\nSUGERENCIA: favor de levantar TICKETS con el respectivo usuario, ya que este ticket esta siendo creado con el usuario de JOSUE',70,2526,94576,31,'2023-06-15 19:31:30','',''),(281,'2023-06-15 21:05:54','TK35N136','Servidor 2','NO TENGO ACCESO AL SERVIDOR 2','Se reestablece servicio',70,2526,94576,1,'2023-06-16 14:51:24','',''),(282,'2023-06-15 21:51:45','TK36N137','servidor 2','pido de su apoyo para validar que el servidor este funcionando correctamente ya que las unidades ya tienen un desface de mas de una hora sin posicionar.\r\nquedo pendiente del seguimiento gracias y buana tarde.','Se verifica y resuelve la incidencia',64,2526,94576,31,'2023-06-16 14:50:55','',''),(283,'2023-06-16 14:53:35','TK48N138','BUG DETECTADO EN BLOQUEO DE USUARIOS','Con respecto al bloqueo del usuario \"JOSUE GONZALEZ\" se detecta que la sesion del usuario no ha caducado en el dispositivo donde se tiene abierta, favor de verificar.','Bug en proceso de corrección',31,2526,94576,1,'2023-06-26 17:02:15','',''),(284,'2023-06-16 16:06:33','TK53N139','APOYO CON IMPRESORA','Porfa de su apoyo para solucionar el problema del mensaje que muestra de la bandeja de impresora Brother.\r\n\r\nGracias.','Se encuentra la tapa de la cubierta trasera fuera de su lugar, derivado de esto, 6 sensores impiden la impresion habitual, se coloca la tapa y se corrige la situacion',29,2526,94576,1,'2023-06-16 17:55:09','',''),(285,'2023-06-16 16:46:04','TK99N140','ANYDESK','LOS SERVIDORES SE DETIENEN MAS CONSTANTE, Y ORIGINA DESFASE EN LA POSICION DE UNIDADES','Ok, se revisa y se hacen pruebas. Mantenerse pendiente de la situación. Gracias',75,2526,94576,1,'2023-06-17 16:24:07','',''),(286,'2023-06-16 19:13:47','TK31N141','internet','apoyo no salen mensajes del cel ni en la compu\r\ny urgeee\r\n','Problema en servidor externo',72,2526,94576,1,'2023-06-17 16:24:31','',''),(287,'2023-06-16 19:13:52','TK37N142','INFORMACION DE PROGRAMACION DE VIAJES ','gai el que lo lea bai ',' ok',84,2526,94576,31,'2023-06-26 17:03:14','Fotos/648cb47078cba9.74742505.png',''),(288,'2023-06-16 20:13:05','TK51N143','Cancelar factura 144727','Buen día Karen. \r\nMe podrás apoyar solicitando la cancelación de la factura 144727, debido a que la forma de pago esta mal, deberá ser 03. TRANSFERENCIA ELECTRÓNICA DE FONDOS. \r\nPor favor, que la cancelación sea con relación. \r\n\r\n\r\nGracias y quedo al pendiente de tu respuesta. ','cerrado por Leo Sainos debido a baja de karen ',59,2538,94576,73,'2023-07-18 23:29:18','',''),(289,'2023-06-17 18:11:14','TK23N144','ACCESO A CARPETA COMPARTIDA ','Por indicación y autorización de Laura Alvarez  se solicita acceso a carpeta compartida para registro de viajes ','Se crea permiso para la carpeta compartida solicitada',65,2526,94576,1,'2023-06-17 19:51:01','',''),(290,'2023-06-19 20:03:42','TK41N145','Recuperar carpeta ','Buen día ingeniero. \r\nMe apoyas por favor, es que no encuentro una carpeta de activos, aparece una leyenda que dice que se ha movido o se ha eliminado. \r\nGracias. ','Ya se encontró',59,2526,94576,1,'2023-06-20 22:15:14','',''),(291,'2023-06-19 20:05:04','TK69N146','Seguimiento a la solicitud de la cancelación de la FC-144727','Buen día Karen.\r\nYa hay alguna respuesta respecto a la cancelación de la factura 144727 de SERVICIOS EXPRESS GUPA ?','cerrado por Leonardo Sainos debido a baja de Karen ',59,2538,94576,73,'2023-07-18 23:29:49','',''),(292,'2023-06-20 17:00:37','TK12N147','Control de cancelaciones','Hola Jessy. \r\nBuen día, me apoyas por favor con tu formato de cancelaciones actualizado, por favor. \r\nGracias. ','RESOLVIDO',59,2539,94576,68,'2023-06-20 17:11:20','',''),(293,'2023-06-20 19:38:35','TK46N148','unidad T47','pido de su apoyo ya que la unidad t-47 dejo de posicionar el gps comenta que el gprs es ta en off el cual ya se le mando los comando correspondientes para validar el posicionamiento y continua igual envio evidencia y quedo atento a cualquier comentario o sugerencia y seguimiento del mismo.','Se resuelve al momento ',64,2526,94576,31,'2023-06-20 22:02:21','Fotos/6492003b8d2926.46873239.png',''),(294,'2023-06-21 18:54:41','TK28N149','camioneta doble cabina nissan','pido de su apoyo ya que la unidad doble cabina nissan que esta en prestamo con el partido politico morena no posiciona y se le marca al gps y no entra la llamada indica maracion no disponible quedo atento al seguimiento de la unidad.','Hola.\r\nFavor de validar la recarga de saldo, el dispositivo si enlaza pero no regresa mensajes, de ahí se deriva la falla',64,2526,94576,1,'2023-06-22 00:07:10','Fotos/649347712dbe03.92570887.png',''),(295,'2023-06-21 22:46:49','TK88N150','remolques','pido de su apoyo para validar el municionamiento de estos dos remolques el cual no posicionan  correctamente en la plataforma de Alcomex quedo atento al seguimiento para que los remolques posicionen correctamente gracias. ','El 2562 ya está resuelto, queda en proceso el 2591',64,2526,94575,1,'2023-06-26 17:07:08','Fotos/64937dd9d1fb62.76684207.png','respuesta/6499c5bc82f716.01755217.png'),(296,'2023-06-22 18:51:02','TK77N151','remolques','pido de su apoyo ya que ami no me salen las llamadas a los numeros gps y los remolques estan en des face de tiempo solo necesitan un time zone123456 -6 para que reporten en tiempo y forma pero des afortunadamente no me salen las llamadas quedo atento al seguimiento buena tarde.\r\n','Resuelto',64,2526,94576,31,'2023-06-26 17:08:25','Fotos/6494981699fda5.28094306.png',''),(297,'2023-06-22 22:45:02','TK56N152','Control de Gasolina','Buen día Karen. \r\nSolicito por favor tu control de gasolina actualizado. \r\n\r\n\r\nSin más por el momento, quedo al pendiente de tus comentarios. ','cerrado por Leonardo Sainos debido a baja de Karen ',59,2538,94576,73,'2023-07-18 23:30:03','',''),(298,'2023-06-22 23:12:30','TK82N153','SALDO REMOLQUES','Estimada distribución.\r\nApóyenme con recargas para remolques REMOLQUE 62, REMOLQUE 72 REMOLQUE 37, REMOLQUE 36, ya que no están regresando respuesta a comandos de configuración pwd.','dado el tema que el señor oscar coyac  esta ocupado por temas de pagos con los operadores menciona que el día de mañana me proporcionara el recurso para recargar los gps de los remolques solicitados quedamos pendientes ante este seguimiento para recargar los dispositivos buena tarde. resuelto se realizaron las recargas sin novedad alguna.',31,2534,94576,64,'2023-06-26 19:00:15','',''),(299,'2023-06-26 16:14:25','TK59N154','remolque-2624-3705','pido de su apoyo ya que este remolque no lo podemos agregar al perfril de la plataforma de alcomex no: 2227595657, quedo atento al seguimiento para que pueda agregarse al perfil y posicione el remolque buen dia.','SE CREA DISPOSITIVO Y VEHICULO, SE REALIZA ASIGNACION DE RELACIONES, SE VERIFICAN PERMISOS DE USUARIO, Y SE COMPRUEBA EL ALTA DEL NUEVO VEHICULO IDENTIFICADO COMO REMOLQUE 2624',64,2526,94576,1,'2023-06-26 18:26:39','','respuesta/6499d85fe7fc26.99715917.png'),(300,'2023-06-26 20:23:37','TK45N155','unidad t43','pido se su apoyo para en cuanto arribe la unidad t-43 a puebla se le haga una reverencion del dispositivo gps para validar si no hay anomalías si esta desconectado el gps de la unidad para tomar cartas sobre el operador quedo atento sobre el seguimiento del reporte buena tarde.','No se que es reverencion, pero apóyame con la programación de T10 y T43 para mantenimiento correctivo',64,2526,94575,31,'2023-07-10 15:33:17','Fotos/6499f3c92fa965.89286691.png',''),(301,'2023-06-26 22:41:07','TK78N156','remolques','pido de su apoyo ya que los remolques que parecen en la imagen siguen teniendo desface de posicionamiento ya que eh estado entintando llamar al dispositivo y no me en lasa la llamada quedo pendiente del seguimiento buena tarde. ','    ',64,2526,94575,31,'2023-06-30 00:17:59','Fotos/649a14033b8194.98408813.png',''),(302,'2023-06-26 23:23:27','TK42N157','ANYDESK','NO AY CONEXION CON EL SERV. 2','SE RESUELVE AL MOMENTO VIA VIDEOLLAMADA',75,2526,94576,1,'2023-06-28 15:20:50','',''),(303,'2023-06-27 01:05:48','TK10N158','ANYDESK','NO HAY CONEXION CON EL SERVIDOR 2 NUEVAMENTE ','SE RESUELVE AL MOMENTO VIA VIDEO LLAMADA',75,2526,94576,1,'2023-06-28 15:20:21','',''),(304,'2023-06-28 16:07:53','TK78N159','PROGRAMA CONTPAQ','Pueden por favor checar el problema de mi programa contpaq, plis','Se hace mantenimiento externo',68,2526,94576,31,'2023-07-18 23:44:11','',''),(305,'2023-06-28 19:42:38','TK33N160','MANTENIMIENTO DE IMPRESORAS','Hola nuevamente no me permite escanear mas de 3 hojas y el escaner ya se puso muy lento ','Se modifica la calidad de escaneo a 300 ppi',67,2526,94576,1,'2023-06-28 22:49:39','',''),(306,'2023-06-29 19:37:11','TK36N161','Cancelar factura 143808','Buen día Karen. \r\nSolicito por favor me puedas solicitar la cancelación de la siguiente factura, debido a que la emisión es incorrecta por la forma de pago, dice que es en TARJETA DE DÉBITO. \r\n\r\nPROVEEDOR: Servicios Express GUPA\r\nFOLIO FISCAL: 717B95D3-5AFB-491F-833C-15C946095D25\r\nFOLIO INTERNO: 143808\r\nMONTO: 19,800.00\r\nFECHA DE EMISIÓN: 04/06/2023','cerrado por Leonardo Sainos debido a baja de Karen ',59,2538,94576,73,'2023-07-18 23:30:41','Fotos/649ddd6736dda7.43594063.jpg',''),(307,'2023-07-03 18:50:09','TK69N162','permisionario esteban roldan','pido de su apoyo para verificar el motivo que dejo de posicionar la unidad del permisonario esteban lozano roldan quedo atento a el seguimiento del posicionamiento de la unida ya que debe cargar en mabesa puebla gracias y buea tarde.','Resuelto Ingeniero',64,2526,94576,1,'2023-07-03 23:45:43','',''),(308,'2023-07-04 13:26:43','TK20N163','ANYDESK','SERVIDOR 1 NO ME PERMITE VER SI ESTA CONECTADO, LA PANTALLA SE QUEDO EN NEGRO','Se revisa y el equipo estaba fallando, el tema ya se corrigió',75,2526,94576,31,'2023-07-04 23:17:05','',''),(309,'2023-07-04 17:18:08','TK05N164','ANYDESK','EL SERVIDOR 1 NO TIENE CONEXION\r\n','Ya está resuelto, gracias por su reporte',75,2526,94576,1,'2023-07-04 23:17:38','',''),(310,'2023-07-05 03:07:13','TK47N165','Paqueteria de office.. word','APOYO PARA DESBLOQUEAR FUNCION DE PEGADO DE PANTALLA','Resuelto',75,2526,94576,31,'2023-07-10 15:32:05','',''),(311,'2023-07-08 16:40:35','TK77N166','Servidor 1-2','NO M EDEJA CORRER EL SERVIDOR 2','Resuelto al momento',82,2526,94576,31,'2023-07-10 15:31:40','',''),(312,'2023-07-09 16:21:09','TK57N167','plataforma','me apoyas porque la unidad T10 no me posiciona y la unidad T43 de favor','Buen día.\r\nRequerimos de su apoyo para coordinar mantenimiento correctivo a GPS de estas unidades en cuanto arriben a B3 o B2',82,2526,94576,1,'2023-07-18 23:43:17','',''),(313,'2023-07-10 16:34:59','TK20N168','plataforma','NO ME POSICIONA LA UNIDAD T35, ME APOYAS ','Gracias por su reporte, la unidad ya posiciona',82,2526,94576,31,'2023-07-18 23:31:28','',''),(314,'2023-07-10 17:29:48','TK71N169','unidades','pido de su apoyo para verificar las unidades de posicionamiento las cuales son: saveiro mariano, saveiro heriberto, T-43, remolques','',64,2526,94574,1,'2023-07-10 17:29:48','Fotos/64ac400c1c4c02.61658214.png',NULL),(315,'2023-07-10 17:31:28','TK64N170','remolques','pudo de su apoyo para validar el posicionamiento de los remolques que a continuación estarán en la imagen buen día quedo atento al seguimiento buen día.','',64,2526,94574,1,'2023-07-10 17:31:28','Fotos/64ac40702503a0.18539658.png',NULL),(316,'2023-07-11 00:01:14','TK41N171','unidad t35','pido de su a´poyo para verificar la unidad t-35 su gps ya que no posiciona y cuando le marcas manda a buzón estará de regreso el día miércoles 12 de julio de 2023 para que se revise ese mismo dia gracias quedo atento al seguimiento buena tarde.  ','El GPS posiciona',64,2526,94576,31,'2023-07-18 23:38:35','Fotos/64ac9bca17f039.07421738.png',''),(317,'2023-07-11 00:07:21','TK49N172','amado ixehuatl','pido de su apoyo para que se revise la unidad del permisionario amado ixehuatl ya que dejo de posicionar, quedo pendiente del seguimiento para que la unidad posicione correctamente gracias y buena tarde.','Se hace cambio de GPS, debido a filtraciones de agua. El gps ya posiciona',64,2526,94576,1,'2023-07-18 23:37:14','Fotos/64ac9d398e6457.18607597.png',''),(318,'2023-07-11 13:39:12','TK36N173','plataforma','t10 no me posiciona...me podras apoyar ..gracias\r\n','Resuelto',82,2526,94576,31,'2023-07-18 23:42:58','',''),(319,'2023-07-11 18:18:04','TK58N174','unidad t10','pido de su apoyo para verificar el gps de la unidad T-10 ya que su dispositivo gps no esta posicionando, quedo atento ante el seguimiento del mismo la unidad estara arribando en puebla el dia de hoy 11/07/2023 a las 2 pm.','Resuelto Licenciado',64,2526,94576,31,'2023-07-18 23:42:43','Fotos/64ad9cdc10d0f6.30014448.png',''),(320,'2023-07-11 19:31:15','TK96N175','CAMBIO DE COMPU','MUCHOS... EXPLICO EN PERSONA :)','Resuelto, se cambia pantalla ',72,2526,94576,1,'2023-07-11 23:07:48','',''),(321,'2023-07-14 19:51:56','TK05N176','LICENCIA PHOTOSHOP','Buena tarde, de su apoyo para Re-Instalar Photoshop 2023 , ya que estaba trabajando y me salió la leyenda de renovar licencia , desafortunadamente NO pude tomarle captura de pantalla.\r\n\r\nGracias.','Resuelto',29,2526,94576,31,'2023-07-17 22:26:06','',''),(322,'2023-07-19 21:12:37','TK35N177','MONITOR','EL MONITOR SE PUSO BORROSO','Se hace cambio de cable VGA',75,2526,94576,1,'2023-07-26 16:17:36','',''),(323,'2023-07-25 19:36:22','TK52N178','SELLO INSTITUCIONAL','Requiero un sello','',31,2524,94574,29,'2023-07-25 19:36:22','',NULL),(324,'2023-07-27 19:49:38','TK33N179','Desarrollar nuevo formato de Excel','Buena tarde Gibran, como lo comentamos ayer, me gustaría contar con tu apoyo y asesoría para desarrollar un nuevo formato de Excel para eficientar el seguimiento de las unidades mediante el área de Monitoreo GPS','Se revisa',85,2526,94576,31,'2023-08-11 16:11:03','',''),(325,'2023-07-31 18:22:08','TK42N180','Servidor 1-2','ME APOYAS CON EL SERVIDOR NO ME DEJA ACCEDER','Gracias por su reporte, el servidor ya funciona',82,2526,94576,31,'2023-07-31 18:38:58','',''),(326,'2023-08-03 15:48:03','TK20N181','NO PUEDO UTILIZAR EXCEL','Buen día mi estimado, al abrir el archivo de Excel, me sale una ventana que dice que escriba la clave del producto, al darle cerrar me dice que acepte el contrato de licencia','Resolvido',85,2526,94576,1,'2023-08-04 23:06:43','',''),(327,'2023-08-03 17:20:29','TK51N182','CAIDA DE SERVIDOR','Buen día equipo, el día de hoy por la madrugada (5 am) tuvimos problemas con nuestra conexión entre el equipo de Monitoreo y el servidor 2, afectando el posicionamiento de las unidades, solicito de tu apoyo para revisar el tema y me ayudes con una capacitación ya sea el viernes o sábado para tomar apuntes de las medidas correctivas que debemos realizar en futuros problemas.','',85,2526,94574,1,'2023-08-03 17:20:29','',NULL),(328,'2023-08-07 15:51:28','TK30N183','APOYO CON PC','Solicito de su valioso apoyo ya que Mi PC anda lenta para abrir documentos, páginas y software. \r\n\r\nGracias','Gracias,  tema de actualizaciones en descarga. Por eso el motivo de tal rendimiento',29,2526,94576,1,'2023-08-11 16:10:27','',''),(329,'2023-08-07 16:49:28','TK59N184','No se ven las cámaras de B3','Buen día solicito de su apoyo para revisar las cámaras de B3, ya que vigilancia reporta que no se ve nada en el monitor.\r\nSaludos y de ante mano Gracias','Gracias, ya se resolvió',85,2526,94576,31,'2023-08-07 17:08:24','',''),(330,'2023-08-07 17:25:55','TK19N185','SIN ACCESO AL CORREO ','Buen dia me apoyan con el acceso al correo, por fis  ya que  sale una leyenda indicando que el navegador es inusual .','resolvido',67,2526,94576,31,'2023-08-09 19:31:46','Fotos/64d12923169691.92690258.jpeg',''),(331,'2023-08-07 23:59:40','TK88N186','SOLICITUD DE VIDEO B3','Buena tarde equipo, por este medio solicito su apoyo con los videos de la cámara que vigila los tractos dentro del patio B3 de los días 26 al 31 de julio, para investigación de incidencias y pérdidas de componentes de los tractocamiones\r\nSaludos','Está en revisión',85,2526,94576,1,'2023-08-09 19:33:06','',''),(332,'2023-08-08 22:31:06','TK01N187','Revisión de GPS T43','Unidad No posiciona, el chip cuenta con saldo','Se da soporte a GPS',85,2526,94576,31,'2023-08-09 18:02:06','',''),(333,'2023-08-09 15:32:56','TK12N188','Revisión de GPS T43','Unidad No posiciona, el chip cuenta con saldo','Se checa tema de GPS, se detecta manipulación en GPS',85,2526,94576,31,'2023-08-09 18:01:37','',''),(334,'2023-08-10 00:04:12','TK00N189','ANYDESK','NO CONECTA','Ya conecta',75,2526,94576,1,'2023-08-11 16:03:46','',''),(335,'2023-08-10 20:22:47','TK78N190','ANYDESK','NO TIENE CONEXION SERVIDOR 1','TEMA DE ANY DESK, YA CONECTA',75,2526,94576,1,'2023-08-11 16:04:11','',''),(336,'2023-08-11 00:02:46','TK72N191','CORREGIR HORA DE GPS T10','Posiciona con Horario de Verano (1 hora más tarde)\r\nSaludos\r\n','En caso de que vuelva a ocurrir, puede mandar el siguiente mensaje al número de teléfono : \" Time zone123456 -6\"',85,2526,94576,31,'2023-08-11 16:05:31','',''),(337,'2023-08-11 02:53:56','TK56N192','perm. jesus esquivel','el sr reporta su gps no esta dando posicion','Tema de saldo, favor de poner recarga. Gracias por su reporte señorita ',75,2526,94576,31,'2023-08-11 16:06:18','',''),(338,'2023-08-11 19:08:43','TK08N193','RECARGA DE SALDO','Apoyo con recarga para vehículos Saveiro Heriberto, Saveiro Mariano','',31,2534,94574,82,'2023-08-11 19:08:43','',NULL),(339,'2023-08-11 19:26:02','TK62N194','APOYO CON REMOLQUES B3','Hago de su conocimiento que los GPS colocados en los remolques ya no posicionan por falta de batería en las pilas de motocicleta que se colocaron, acudo a su apoyo para que en coordinación con Anselmo se haga tarea diaria dejar al menos por una hora, conectado el remolque a corriente, mismo tiempo que se usará para pruebas de soporte.','',31,2537,94574,83,'2023-08-11 19:26:02','Fotos/64d68b4a4f3131.85164961.png',NULL),(340,'2023-08-13 22:08:05','TK49N195','T10','T10 DEJA DE DAR POSICION EN PLATAFORMA ALCOMEX Y LLEVA VIAJE DE MABESA','Ya posiciona',75,2526,94576,1,'2023-08-14 18:04:07','',''),(341,'2023-08-14 02:52:41','TK95N196','plataforma','NO POSICIONA UNIDAD T10','Ya posiciona',82,2526,94576,1,'2023-08-14 18:03:53','',''),(342,'2023-08-14 15:38:33','TK11N197','BUZON LLLENO ','Hola amikos pueden checar mi buzon porque ya esta lleno segun el correo plis','Resuelto, se hace limpieza de buzón de entrada ',68,2526,94576,31,'2023-08-14 16:48:42','',''),(343,'2023-08-14 16:46:12','TK15N198','Excel','No se puede abrir microsoft u office por una actialización, agregar o eliminar programas.','Resuelto, se actualiza office 365',71,2526,94576,31,'2023-08-14 17:15:53','',''),(344,'2023-08-15 17:16:39','TK61N199','ANYDESK','NO TIENE CONEXION EL SERVIDOR 2','Ya tiene conexión el servidor 2',75,2526,94576,31,'2023-08-15 20:24:43','',''),(345,'2023-08-15 22:23:36','TK75N200','AYUDA CON EL PROGRAMA COI','Buen día Ingenieros, me pueden apoyar con el programa COI, ya que no me da el acceso. ','????',59,2526,94576,31,'2023-08-16 18:41:51','','respuesta/64dd186f328f18.97714622.png'),(346,'2023-08-16 16:07:15','TK48N201','AYUDA CON EXCEL ','Buen día ingenieros, me pueden ayudar en mi hoja de excel no aparecen las pestañas de agregar hojas de calculo y las barras de desplazamiento. \r\nGracias....','Resuelve el Ing. Sainos.',59,2526,94576,31,'2023-08-16 18:42:42','',''),(347,'2023-08-16 20:50:37','TK37N202','Posicionamiento de unidades','Excelente tarde equipo de TI, tenemos problemas con el posicionamiento de las unidades T10 y T28, las cuales tienen menos de 7 días que se recargaron de saldo ($100), continuamente pierden posicionamiento, aun cuando se encuentran en zonas con cobertura\r\nQuedo pendiente de su apoyo, Saludos.','T-10, el tema pertinente con este vehículo son las filtraciones, el GPS funciona de forma correcta.\r\nT-28, requiere revisión de GPS, se sospecha daño físico en algún componente (antenas)\r\nApóyame con la cita del vehículo 28 para poder descartar posibles averías físicas al componente.',85,2526,94576,31,'2023-08-29 18:25:37','',''),(348,'2023-08-19 17:40:14','TK82N203','Solicitud de acceso a ERP','Buen día team, por este medio solicito de su apoyo para contar con una cuenta de usuario solo para fines de consulta de información enfocado principalmente a conocer que operadores siguen activos, y cuales no, así como los motivos de su baja para controlar con mayor efectividad los accesos a las instalaciones y para que un servidor pueda informar a la brevedad al equipo de monitoreo cuando un operador sea baja para actualizar el seguimiento de las unidades y operadores\r\nAgradezco de antemano su ','Hola.\r\nYa te había pasado tus credenciales de acceso vía WhatsApp, en el, ya cuentas acceso al modulo de operadores donde puedes corroborar el estatus activo / inactivo.\r\nUsuario: AbCarva\r\nContraseña: Alcom3x2013\r\nLink: https://intranet.sunfed.net/Fleet/wfLogin.aspx',85,2526,94576,31,'2023-08-19 19:16:14','','respuesta/64e114fe45edf1.83863464.png'),(349,'2023-08-21 15:28:20','TK84N204','AYUDA CON MI COMPUTADORA','Buen día Ingenieros. \r\nMe pueden ayudar se congelo mi pantalla, y no reacciona........\r\n\r\n\r\nGracias...\r\n','RESOLBIDO',59,2526,94576,1,'2023-08-22 19:04:42','',''),(350,'2023-08-21 16:11:35','TK00N205','impresora','no puedo imprimir en ninguna de las 2 impresoras ','Se dan de alta nuevamente las impresoras en el equipo de monitoreo',75,2526,94576,31,'2023-08-22 19:01:13','',''),(351,'2023-08-21 16:58:21','TK73N206','Impresora Brother','La impresora escanea muy lento ','Se cambia resolucion de escaneo de imagen y el problema se resuelve',67,2526,94576,31,'2023-08-22 19:00:35','','respuesta/64e505d32618a4.53983712.jpeg'),(352,'2023-08-23 19:56:12','TK96N207','Revisión de GPS T28','Buena tarde team, solicito de su apoyo para la revisión del GPS de la unidad T28, cuenta con saldo pero no posiciona,  hace un momento llegó a Puebla, salió a cargar combustible, se le pedirá que baje a B1 para revisión del equipo\r\nSaludos','EL tema del GPS T-28 era falta de saldo, se revisó el tema del plan tarifario y se realiza el cambio a una cuota menor, este cambio aplcará hasta la siguiente recarga',85,2526,94576,31,'2023-08-29 15:53:40','',''),(353,'2023-08-30 15:30:44','TK33N208','Unidad PER Elias Rodriguez no posiciona','Buen día equipo, solicito su apoyo para revisar la unidad de Elías Rodríguez, no da posición, el equipo cuenta con saldo, ya que se recargó el 22 de agosto, Se le intenta mandar comandos y marcar pero manda directo a buzón.','',85,2526,94574,31,'2023-08-30 15:30:44','',NULL),(354,'2023-08-30 22:25:56','TK28N209','Unidad PER Ricardo Limon no posiciona','Buena tarde equipo, de su apoyo con la revisión de la unidad de Ricardo Limón papá, se recargó saldo y aún no da posición\r\nSaludos','Protocolo GPRS resueltooo ',85,2526,94576,31,'2023-08-30 23:04:16','',''),(355,'2023-09-01 15:56:12','TK75N210','problema al escanera en la impresora ','Hola compañeros podrian apoyarnos con la impresora por favor, al momento de escaner y enviarlo por drive aparece error. les adjunto foto ','Gracias por el reporte, se libera espacio de almacenamiento. Intenta escanear nuevamente',67,2526,94576,31,'2023-09-01 17:13:58','Fotos/64f2099cc83036.25909587.jpeg',''),(356,'2023-09-02 00:09:37','TK43N211','perm gamaliel campos','se solicita el apoyo para brindar indicaciones al perm en la colocacion del chip en su gps','Se tiene contacto con el permisionario Gamaliel via telefonica y se le indica los pasos a realizar para poder actualizar su chip, se logra conseguir contacto con el gps casi de inmeidato',75,2526,94576,31,'2023-09-06 00:02:22','',''),(357,'2023-09-05 19:55:13','TK26N212','perm. obed cortez','el permisionario solicita la creacion de una cuenta espejo ','Se comparte usuario contraseña y link de acceso ',75,2526,94576,1,'2023-09-06 00:01:26','',''),(358,'2023-09-07 22:45:35','TK04N213','ANYDESK','SERVIDOR 2 NO RESPONDE','Se revisa condición y se corrige tema referente a aplicación GPRS suspendida',75,2526,94576,1,'2023-09-12 14:55:31','',''),(359,'2023-09-12 12:33:21','TK32N214','plataforma','la plataforma se cayo, no permite visualizar las unidades ','Se revisa plataforma, no hay indicios de caida, se verifica URL utilizada y hay un error de sintaxis en la escritura de la URL que les impidió acceder al sitio',75,2526,94576,31,'2023-09-12 14:56:19','',''),(360,'2023-09-12 20:32:04','TK60N215','Excel','se trabo el programa ','Resolvido, tema por exceso de cache en memoria Ram',75,2526,94576,1,'2023-09-18 15:33:20','',''),(361,'2023-09-13 16:48:54','TK94N216','PERMISIONARIO MIGUEL MORENO NO POSICIONA','Buen día, solicito de su apoyo para la revisión del equipo del permisionario Miguel Moreno, ya que desde el día domingo no actualiza posición','GPRS, RESUELTO ',85,2526,94576,1,'2023-09-18 15:33:50','',''),(362,'2023-09-13 17:52:09','TK43N217','Excel','el programa ,al guardar cambios realiza modificacion en los otros libros','Resuelto',75,2526,94576,31,'2023-09-22 17:26:03','',''),(363,'2023-09-14 16:27:54','TK32N218','T47 NO POSICIONA','buen día team, de su apoyo para la revisión de la unidad, para que nos actualice\r\nSaludos','Baja cobertura, pero de igual forma se hace revisión por  comandos ',85,2526,94576,1,'2023-09-18 15:34:30','',''),(364,'2023-09-14 22:51:53','TK87N219','Impresora','Buen día. \r\nSolicito ayuda para imprimir pólizas. ','Resuelto, recordatorio de como imprimir',59,2526,94576,1,'2023-09-18 15:35:41','',''),(365,'2023-09-15 19:46:48','TK88N220','PER. MIGUEL MORENO','NO POSICIONA EN LA PLATAFORMA ALCOMEX, ME PUEDEN APOYAR PORFAVOR ','Resuelto',75,2526,94576,31,'2023-09-22 17:25:34','',''),(366,'2023-09-20 15:23:43','TK80N221','cuenta espejo','tengo problemas con unas plataformas, no me dan posicion ','Resuelto',75,2526,94576,31,'2023-09-22 17:25:10','',''),(367,'2023-09-22 19:11:38','TK72N222','REVISION DE PC MONITOREO','Buena tarde equipo, solicito de su apoyo para revisar la PC asignada a monitoreo, cada vez que se necesita agregar información al archivo Cuentas Espejo de Excel, al momento de pegar, se cambia al archivo Excel de los barridos de Monitoreo y se borra la información actualizada tanto de los clientes varios como de Coppel','',85,2526,94574,31,'2023-09-22 19:11:38','',NULL);
/*!40000 ALTER TABLE `ticket` ENABLE KEYS */;
UNLOCK TABLES;
/*!50003 SET @saved_cs_client      = @@character_set_client */ ;
/*!50003 SET @saved_cs_results     = @@character_set_results */ ;
/*!50003 SET @saved_col_connection = @@collation_connection */ ;
/*!50003 SET character_set_client  = utf8mb4 */ ;
/*!50003 SET character_set_results = utf8mb4 */ ;
/*!50003 SET collation_connection  = utf8mb4_general_ci */ ;
/*!50003 SET @saved_sql_mode       = @@sql_mode */ ;
/*!50003 SET sql_mode              = 'NO_AUTO_VALUE_ON_ZERO' */ ;
DELIMITER ;;
/*!50003 CREATE*/ /*!50017 DEFINER=`root`@`localhost`*/ /*!50003 TRIGGER `InsertarTicket` AFTER INSERT ON `ticket` FOR EACH ROW INSERT INTO registro_alteraciones (usuario,accion,idAlterado,tabla)   VALUES (0,"", NEW.id,"ticket") */;;
DELIMITER ;
/*!50003 SET sql_mode              = @saved_sql_mode */ ;
/*!50003 SET character_set_client  = @saved_cs_client */ ;
/*!50003 SET character_set_results = @saved_cs_results */ ;
/*!50003 SET collation_connection  = @saved_col_connection */ ;
/*!50003 SET @saved_cs_client      = @@character_set_client */ ;
/*!50003 SET @saved_cs_results     = @@character_set_results */ ;
/*!50003 SET @saved_col_connection = @@collation_connection */ ;
/*!50003 SET character_set_client  = utf8mb4 */ ;
/*!50003 SET character_set_results = utf8mb4 */ ;
/*!50003 SET collation_connection  = utf8mb4_general_ci */ ;
/*!50003 SET @saved_sql_mode       = @@sql_mode */ ;
/*!50003 SET sql_mode              = 'NO_AUTO_VALUE_ON_ZERO' */ ;
DELIMITER ;;
/*!50003 CREATE*/ /*!50017 DEFINER=`root`@`localhost`*/ /*!50003 TRIGGER `registro_alteracionesTickets` AFTER UPDATE ON `ticket` FOR EACH ROW INSERT INTO registro_alteraciones (usuario,accion,idAlterado,tabla)   VALUES (0,"", NEW.id,"ticket") */;;
DELIMITER ;
/*!50003 SET sql_mode              = @saved_sql_mode */ ;
/*!50003 SET character_set_client  = @saved_cs_client */ ;
/*!50003 SET character_set_results = @saved_cs_results */ ;
/*!50003 SET collation_connection  = @saved_col_connection */ ;
/*!50003 SET @saved_cs_client      = @@character_set_client */ ;
/*!50003 SET @saved_cs_results     = @@character_set_results */ ;
/*!50003 SET @saved_col_connection = @@collation_connection */ ;
/*!50003 SET character_set_client  = utf8mb4 */ ;
/*!50003 SET character_set_results = utf8mb4 */ ;
/*!50003 SET collation_connection  = utf8mb4_general_ci */ ;
/*!50003 SET @saved_sql_mode       = @@sql_mode */ ;
/*!50003 SET sql_mode              = 'NO_AUTO_VALUE_ON_ZERO' */ ;
DELIMITER ;;
/*!50003 CREATE*/ /*!50017 DEFINER=`root`@`localhost`*/ /*!50003 TRIGGER `Eliminarregistro_alteracionesTicket` BEFORE DELETE ON `ticket` FOR EACH ROW INSERT INTO registro_alteraciones (usuario,accion,idAlterado,tabla)   VALUES (0,"Eliminar", OLD.id,"ticket") */;;
DELIMITER ;
/*!50003 SET sql_mode              = @saved_sql_mode */ ;
/*!50003 SET character_set_client  = @saved_cs_client */ ;
/*!50003 SET character_set_results = @saved_cs_results */ ;
/*!50003 SET collation_connection  = @saved_col_connection */ ;

--
-- Table structure for table `user_delete`
--

DROP TABLE IF EXISTS `user_delete`;
/*!40101 SET @saved_cs_client     = @@character_set_client */;
/*!40101 SET character_set_client = utf8 */;
CREATE TABLE `user_delete` (
  `folio_id` int(11) NOT NULL AUTO_INCREMENT,
  `fecha` datetime DEFAULT current_timestamp(),
  `idUsuario` int(11) NOT NULL,
  `nombre_completo` varchar(100) DEFAULT NULL,
  `id_rol` int(11) DEFAULT NULL,
  `id_departamento` varchar(60) DEFAULT NULL,
  `pendiente` int(11) DEFAULT NULL,
  `creados` int(11) DEFAULT NULL,
  `resuelto` int(11) DEFAULT NULL,
  `proceso` int(11) DEFAULT NULL,
  PRIMARY KEY (`folio_id`),
  KEY `Fk_rolDelete` (`id_rol`),
  CONSTRAINT `Fk_rolDelete` FOREIGN KEY (`id_rol`) REFERENCES `rol` (`idRol`)
) ENGINE=InnoDB AUTO_INCREMENT=38 DEFAULT CHARSET=utf8 COLLATE=utf8_general_ci;
/*!40101 SET character_set_client = @saved_cs_client */;

--
-- Dumping data for table `user_delete`
--

LOCK TABLES `user_delete` WRITE;
/*!40000 ALTER TABLE `user_delete` DISABLE KEYS */;
INSERT INTO `user_delete` VALUES (1,'2023-03-27 14:40:38',5,'Andrés Sebastián Sánchez Cortez',4046,'Sin departamento',5,0,1,2),(4,'2023-03-28 18:03:11',41,'Javier  Antonio Carrillo',9947,'Prueba',0,0,0,0),(5,'2023-03-29 11:18:00',42,'Taller B2 Hernandez Escuela',9947,'Prueba',0,0,0,0),(6,'2023-03-29 11:21:42',43,'Taller B2 dsaad',4046,'Prueba',0,0,0,0),(7,'2023-03-29 11:29:09',44,'xdsfsdfsdf adasdasdasds',5267,'Prueba',0,0,0,0),(8,'2023-03-29 11:45:25',45,'Policia .',9947,'Sin departamento',0,0,0,0),(10,'2023-03-29 11:47:48',35,'Gabriela Prueba Sainos',9947,'Prueba',0,0,0,1),(11,'2023-03-29 11:47:48',46,'Gabriela Prueba Sainos',9947,'Talleres',0,0,0,0),(12,'2023-03-29 11:50:57',48,'asa adasdasdasdsasas',4046,'Prueba1',0,0,0,0),(13,'2023-03-29 11:50:57',47,'asa asas',4046,'Prueba',0,0,0,0),(14,'2023-03-31 09:40:37',49,'Ajax AjaxJquery',4046,'Prueba',0,0,0,0),(15,'2023-04-01 11:29:00',51,'Taller B2 Hernandez Escuela',9947,'Prueba',0,0,0,0),(16,'2023-04-13 18:48:51',50,'Ajax AjaxJquery',9947,'Prueba',0,0,0,0),(17,'2023-04-13 18:48:51',52,'Prueba buscador buscador',9947,'Talleres',0,0,0,0),(18,'2023-04-13 18:48:51',54,'Reseteo de contraseña Contraseña',9947,'Recursos Humanos',0,0,0,0),(19,'2023-04-13 18:48:51',53,'Taller B2assa asasa',9947,'Sin departamento',0,0,0,0),(20,'2023-04-13 18:49:12',30,'Minerva Salas',4046,'Titulacion',0,0,0,0),(21,'2023-04-13 19:02:10',3,'Alondra Sanchez Torivio',5267,'Sin departamento',18,0,0,0),(22,'2023-04-14 09:44:09',38,'Jenny Ortega Garcia',5267,'Sin departamento',0,0,0,0),(23,'2023-04-14 09:44:09',7,'Luis Enrique Granillo Gamino',5267,'Sin departamento',0,0,0,0),(24,'2023-04-14 09:44:23',22,'Bruno Absalon Flores Rosas',5267,'Sin departamento',0,0,0,0),(25,'2023-04-14 09:45:56',57,'Jose Perez Hernandez',9947,'Sin departamento',0,0,0,0),(26,'2023-04-14 09:45:56',56,'Juan Perez Garcia',9947,'Sin departamento',0,0,0,0),(27,'2023-04-14 09:45:56',8,'Roman Sanchez',9947,'Sin departamento',22,0,0,0),(28,'2023-04-14 09:46:17',23,'Luis Hernandez Escuela',4046,'Sin departamento',0,0,0,0),(29,'2023-04-14 10:20:32',5,'Andrés Sebastián Sánchez Cortez',5267,'Sin departamento',12,0,0,0),(30,'2023-04-20 17:56:13',40,'Uriel Isai Hernández Hernández ',5267,'Sin departamento',0,0,0,0),(31,'2023-04-21 10:11:34',55,'Alondra   Sanchez Torivio',5267,'B1 Sistemas',0,0,0,0),(32,'2023-04-21 10:12:22',58,'Ernesto Sainos Hernandez',9947,'Sin departamento',0,0,0,0),(33,'2023-04-21 11:58:33',63,'Registro prueba',9947,'Sin departamento',0,0,0,0),(34,'2023-04-21 12:00:25',12,'Luis Enrique Granillo Gamino',4046,'B1 Soporte técnico',0,0,0,0),(35,'2023-04-21 16:19:59',61,'Luis Manuel Amaro Vazquez',5267,'B1 Coordinación tráfico',0,0,0,0),(36,'2023-04-26 10:09:39',60,'Carlos Alberto  Diaz Martinez',5267,'B1 Contabilidad',0,0,0,0),(37,'2023-04-26 14:31:18',77,'ALEXA SANCHEZ HELLO',9947,'B1 Devoluciones',0,0,0,0);
/*!40000 ALTER TABLE `user_delete` ENABLE KEYS */;
UNLOCK TABLES;
/*!40103 SET TIME_ZONE=@OLD_TIME_ZONE */;

/*!40101 SET SQL_MODE=@OLD_SQL_MODE */;
/*!40014 SET FOREIGN_KEY_CHECKS=@OLD_FOREIGN_KEY_CHECKS */;
/*!40014 SET UNIQUE_CHECKS=@OLD_UNIQUE_CHECKS */;
/*!40101 SET CHARACTER_SET_CLIENT=@OLD_CHARACTER_SET_CLIENT */;
/*!40101 SET CHARACTER_SET_RESULTS=@OLD_CHARACTER_SET_RESULTS */;
/*!40101 SET COLLATION_CONNECTION=@OLD_COLLATION_CONNECTION */;
/*!40111 SET SQL_NOTES=@OLD_SQL_NOTES */;

-- Dump completed on 2023-09-23 12:00:02
